"","기업명","산업군","평점","모집내용","직군","지원자격","근무조건.근무지역","마감일.등록일"
"1","센드버드코리아","IT/웹/통신",4.4,"Software Engineer, Client iOS","앱개발iOSObjective-CSwift유지보수 외","3 ~ 10년
학력무관","정규직
서울 강남구","입사지원
상시채용
"
"2","유니티테크놀로지스코리아","IT/웹/통신",4.3,"[유니티 코리아] 각 부문 담당자 채용공고","데이터엔지니어SE(시스템엔지니어)APM영업관리영업지원 외","경력무관
학력무관","정규직
서울 강남구","홈페이지 지원
~ 05/31
"
"3","클루커스","IT/웹/통신",4.1,"[클루커스] 정규직 수시 채용 (서울/경력)","IT컨설팅서비스기획마케팅기술지원정보보안 외","경력 1년↑
학력무관","정규직
서울 강남구","입사지원
상시채용
"
"4","클루커스","IT/웹/통신",4.1,"[클루커스] Data Analytics Group 직원 채용","데이터분석가데이터엔지니어데이터시각화네트워크모델링 외","경력 2년↑
학력무관","정규직
서울 강남구","입사지원
상시채용
"
"5","클루커스","IT/웹/통신",4.1,"[클루커스] 제2캠퍼스 (부산) 직원 채용","기술지원데이터분석가데이터엔지니어보안컨설팅IT컨설팅 외","경력 1년↑
학력무관","정규직
서울 강남구","입사지원
상시채용
"
"6","기아","제조/화학",4,"각 부문별 신입/경력 채용","공인회계사전산회계회계사AICPAKICPA 외","신입 · 경력
대학교(4년)↑","정규직 · 계약직
서울 서초구","홈페이지 지원
상시채용
"
"7","캐플릭스","IT/웹/통신",3.9,"[주 4일제 근무] 캐플릭스(제주패스) 부문별 경력 / 신입 채용","백엔드/서버개발웹개발퍼블리셔프론트엔드DBA 외","신입 · 경력
학력무관","정규직
제주 제주시","홈페이지 지원
~ 04/30
"
"8","에듀윌","교육업",3.9,"에듀윌 부문별 인재모집(DBA/국비교육/출판 등)","백엔드/서버개발웹개발퍼블리셔프론트엔드SE(시스템엔지니어) 외","신입 · 경력
학력무관","정규직 · 계약직
서울 구로구","입사지원
~ 04/30
"
"9","엠비아이솔루션","IT/웹/통신",3.9,"[해피톡] IT/B2B 솔루션 부분별 인재영입","백엔드/서버개발웹개발프론트엔드HTMLPHP 외","경력무관
학력무관","정규직
서울 마포구","입사지원
상시채용
"
"10","데브시스터즈","IT/웹/통신",3.8,"[데브시스터즈] BI/DW Engineer","백엔드/서버개발DBASE(시스템엔지니어)네트워크빅데이터 외","경력 3년↑
학력무관","정규직
서울 강남구","홈페이지 지원
채용시
"
"11","데브시스터즈","IT/웹/통신",3.8,"[데브시스터즈] Business Data Analyst (경력)","데이터분석가빅데이터DWOLAPHadoop 외","경력 3년↑
학력무관","정규직
서울 강남구","홈페이지 지원
채용시
"
"12","네오플","IT/웹/통신",3.7,"2022 네오플 공개채용","게임개발기술지원데이터분석가데이터엔지니어백엔드/서버개발 외","신입 · 경력
학력무관","정규직
제주 제주시","홈페이지 지원
~ 04/17
"
"13","한국쓰리엠","유통/무역/운송",3.7,"각 부문 신입/경력 모집 안내","DBAIT컨설팅SE(시스템엔지니어)데이터마이닝머신러닝 외","신입 · 경력
대학교(4년)↑","정규직
경기 화성시","홈페이지 지원
상시채용
"
"14","패스트파이브","서비스업",3.7,"[FASTFIVE] 파이브클라우드팀 각 부문 매니저","네트워크빌링솔루션클라우드IaaS 외","경력무관
학력무관","정규직
서울 강남구","홈페이지 지원
~ 04/30
"
"15","크몽","IT/웹/통신",3.7,"[크몽] 데이터 플랫폼 엔지니어","데이터분석가데이터엔지니어백엔드/서버개발웹개발딥러닝 외","2 ~ 10년
학력무관","정규직
서울전체","입사지원
상시채용
"
"16","크몽","IT/웹/통신",3.7,"[크몽] DevOps 엔지니어","백엔드/서버개발웹개발DBASE(시스템엔지니어)인프라 외","2 ~ 10년
학력무관","정규직
서울전체","입사지원
상시채용
"
"17","백패커","IT/웹/통신",3.6,"[아이디어스] 데이터 엔지니어 (Data Engineer) / 경력 2년 이상","백엔드/서버개발웹개발SE(시스템엔지니어)데이터마이닝데이터시각화 외","2 ~ 15년
학력무관","정규직
서울전체","입사지원
상시채용
"
"18","트릿지","IT/웹/통신",3.6,"시니어 데이터 분석가 채용(Data Scientist)","빅데이터ETL데이터분석딥러닝머신러닝 외","경력 3년↑
박사","정규직
서울 서초구","홈페이지 지원
~ 05/01
"
"19","트릿지","IT/웹/통신",3.6,"페이먼트 솔루션 기획자 채용 (경력 3년 이상)","솔루션클라우드서비스기획앱기획웹기획 외","경력 3년↑
학력무관","정규직
서울 서초구","홈페이지 지원
~ 05/01
"
"20","트릿지","IT/웹/통신",3.6,"프로덕트 매니저 인턴 채용 (3개월 정규직 전환형)","PM(프로젝트매니저)","신입
학력무관","인턴직
서울 서초구","홈페이지 지원
~ 05/01
"
"21","트릿지","IT/웹/통신",3.6,"프로덕트 매니저 채용","PM(프로젝트매니저)","경력 1년↑
학력무관","정규직
서울 서초구","홈페이지 지원
~ 05/01
"
"22","트릿지","IT/웹/통신",3.6,"머신러닝 엔지니어 채용","데이터마이닝딥러닝머신러닝빅데이터텍스트마이닝 외","경력 1년↑
학력무관","정규직
서울 서초구","홈페이지 지원
~ 04/30
"
"23","트릿지","IT/웹/통신",3.6,"데이터 엔지니 채용 (신입 지원 가능)","데이터마이닝빅데이터텍스트마이닝ETLHadoop 외","경력무관
학력무관","정규직
서울 서초구","홈페이지 지원
~ 04/30
"
"24","트릿지","IT/웹/통신",3.6,"데브옵스 엔지니어 채용 (신입 지원 가능)","DevOps아키텍쳐AWSDockerKubernetes 외","경력무관
학력무관","정규직
서울 서초구","홈페이지 지원
~ 04/30
"
"25","트릿지","IT/웹/통신",3.6,"B2C커머스앱 프론트엔드 엔지니어 채용","프론트엔드ReactTypeScriptC++CSS 외","경력무관
학력무관","정규직
서울 서초구","홈페이지 지원
~ 04/30
"
"26","트릿지","IT/웹/통신",3.6,"시니어 프론트엔드 엔지니어 채용","프론트엔드ReactTypeScriptC++HTML 외","경력 2년↑
학력무관","정규직
서울 서초구","홈페이지 지원
~ 04/30
"
"27","트릿지","IT/웹/통신",3.6,"시니어 백엔드 엔지니어 채용","백엔드/서버개발알고리즘APINoSQLPython 외","경력 3년↑
학력무관","정규직
서울 서초구","홈페이지 지원
~ 04/30
"
"28","트릿지","IT/웹/통신",3.6,"데이터 크롤링 엔지니어 정규직 채용","빅데이터크롤링NoSQLPythonETL 외","경력무관
학력무관","정규직 · 인턴직
서울 서초구","홈페이지 지원
~ 04/30
"
"29","슈퍼브에이아이","IT/웹/통신",3.6,"DevOps Engineer (Seoul, KR)","백엔드/서버개발웹개발SE(시스템엔지니어)인프라클라우드 외","3 ~ 12년
학력무관","정규직
서울전체","입사지원
상시채용
"
"30","바이오일레븐","의료/제약/복지",3.6,"SE 개발자","백엔드/서버개발웹개발SE(시스템엔지니어)인프라DevOps 외","3 ~ 7년
대학(2,3년)↑","정규직
서울전체","입사지원
상시채용
"
"31","바이오일레븐","의료/제약/복지",3.6,"[바이오일레븐] 각 부문 (재무/마케팅/MD/영업/물류/개발/연구소) 채용","데이터분석가백엔드/서버개발앱개발프론트엔드SE(시스템엔지니어) 외","경력 3년↑
대학교(4년)↑","정규직 · 계약직
서울 강남구","입사지원
~ 04/30
"
"32","버즈니","IT/웹/통신",3.6,"[1400만 국민앱] 프론트 엔드 엔지니어 채용 (시니어)","웹개발퍼블리셔프론트엔드반응형웹웹표준·웹접근성 외","7 ~ 20년
학력무관","정규직
서울전체","입사지원
상시채용
"
"33","버즈니","IT/웹/통신",3.6,"[전문연구요원/신입가능] AI/백엔드 엔지니어 - 병역특례","데이터분석가백엔드/서버개발웹개발SE(시스템엔지니어)딥러닝 외","신입 · 경력
석사↑","정규직
서울전체","입사지원
상시채용
"
"34","버즈니","IT/웹/통신",3.6,"[업계1위/신입초봉5천] 프론트 엔드 엔지니어 (React, Typescript) / 전문연구요원 가능","웹개발퍼블리셔프론트엔드반응형웹웹표준·웹접근성 외","4 ~ 10년
학력무관","정규직
서울전체","입사지원
상시채용
"
"35","버즈니","IT/웹/통신",3.6,"[업계1위/초봉5천] 서비스 백엔드 엔지니어 (Python, Docker)","백엔드/서버개발웹개발프론트엔드SE(시스템엔지니어)검색엔진 외","1 ~ 10년
학력무관","정규직
서울전체","입사지원
상시채용
"
"36","버즈니","IT/웹/통신",3.6,"[업계1위/신입초봉5천] AI/백엔드 엔지니어(마케팅파트) / 전문연구요원 가능","데이터분석가데이터엔지니어백엔드/서버개발웹개발SE(시스템엔지니어) 외","1 ~ 10년
학력무관","정규직
서울전체","입사지원
상시채용
"
"37","버즈니","IT/웹/통신",3.6,"[1400만 국민앱] 홈쇼핑모아 QA 경력직 ( 주니어)","앱개발웹개발QA/테스터SE(시스템엔지니어)Android 외","1 ~ 3년
학력무관","정규직
서울전체","입사지원
상시채용
"
"38","버즈니","IT/웹/통신",3.6,"[업계1위/초봉5천] IOS 엔지니어 (Swift, RxSwift)","앱개발웹개발프론트엔드GitiOS 외","3 ~ 15년
학력무관","정규직
서울전체","입사지원
상시채용
"
"39","버즈니","IT/웹/통신",3.6,"[업계1위/초봉5천] 커머스 백엔드 엔지니어 (Python, Docker)","백엔드/서버개발웹개발프론트엔드SE(시스템엔지니어)검색엔진 외","신입 · 경력
학력무관","정규직
서울전체","입사지원
상시채용
"
"40","버즈니","IT/웹/통신",3.6,"[업계1위/신입 초봉5천] AI 백엔드 엔지니어 (머신러닝)","데이터분석가백엔드/서버개발웹개발SE(시스템엔지니어)딥러닝 외","1 ~ 10년
학력무관","정규직
서울전체","입사지원
상시채용
"
"41","버즈니","IT/웹/통신",3.6,"[업계1위/초봉5천] 신사업 커머스 프론트엔드 엔지니어 (3년차 이상)","웹개발프론트엔드ECMAScriptJavascriptReact 외","3 ~ 11년
학력무관","정규직
서울전체","입사지원
상시채용
"
"42","버즈니","IT/웹/통신",3.6,"[전문연구요원/신입가능] 프론트엔드 엔지니어 - 병역특례","웹개발퍼블리셔프론트엔드반응형웹웹표준·웹접근성 외","신입 · 경력
석사↑","정규직
서울전체","입사지원
상시채용
"
"43","버즈니","IT/웹/통신",3.6,"[업계1위/초봉5천] 신사업 백엔드 엔지니어 (Python, Docker) -3년 이상","백엔드/서버개발웹개발SE(시스템엔지니어)검색엔진딥러닝 외","3 ~ 10년
학력무관","정규직
서울전체","입사지원
상시채용
"
"44","버즈니","IT/웹/통신",3.6,"[전문연구요원/신입가능] 백엔드 엔지니어 - 병역특례","백엔드/서버개발웹개발프론트엔드SE(시스템엔지니어)검색엔진 외","신입 · 경력
석사↑","정규직
서울전체","입사지원
상시채용
"
"45","버즈니","IT/웹/통신",3.6,"[업계1위/초봉5천] IOS 엔지니어 (Swift, RxSwift)","게임개발기술지원데이터분석가데이터엔지니어백엔드/서버개발 외","경력 3년↑
학력무관","정규직
서울 관악구","입사지원
상시채용
"
"46","버즈니","IT/웹/통신",3.6,"[업계1위/초봉5천] 1400만 서비스 백엔드 엔지니어 (Python)","백엔드/서버개발앱개발웹개발프론트엔드DBA 외","1 ~ 10년
학력무관","정규직
서울 관악구","입사지원
상시채용
"
"47","버즈니","IT/웹/통신",3.6,"[업계1위/초봉5천] 신사업 커머스 백엔드 엔지니어 (Python/2년이상)","백엔드/서버개발웹개발프론트엔드SE(시스템엔지니어)검색엔진 외","2 ~ 12년
학력무관","정규직
서울전체","입사지원
상시채용
"
"48","버즈니","IT/웹/통신",3.6,"[홈쇼핑모아] 마케팅/그래픽 디자이너 (인턴직)","그래픽디자인일러스트레이터","경력무관
학력무관","인턴직
서울 관악구","입사지원
상시채용
"
"49","버즈니","IT/웹/통신",3.6,"[홈쇼핑모아] 마케팅/그래픽 디자이너","그래픽디자인일러스트레이터","경력 3년↑
학력무관","정규직
서울 관악구","입사지원
상시채용
"
"50","버즈니","IT/웹/통신",3.6,"[업계1위/초봉5천] 데이터 엔지니어 (Python)","데이터분석가데이터엔지니어백엔드/서버개발웹개발프론트엔드 외","3 ~ 10년
학력무관","정규직
서울전체","입사지원
상시채용
"
"51","버즈니","IT/웹/통신",3.6,"[업계1위/신입 초봉5천] A추천 시스템 리서치 엔지니어 (전문연구요원 가능)","데이터분석가데이터엔지니어백엔드/서버개발웹개발데이터마이닝 외","1 ~ 10년
학력무관","정규직
서울전체","입사지원
상시채용
"
"52","버즈니","IT/웹/통신",3.6,"[전문연구요원/신입가능] AI/백엔드(마케팅 분야) - 병역특례","데이터분석가데이터엔지니어백엔드/서버개발웹개발SE(시스템엔지니어) 외","신입 · 경력
석사↑","정규직
서울전체","입사지원
상시채용
"
"53","버즈니","IT/웹/통신",3.6,"[전문연구요원/신입가능] 데이터 엔지니어 - 병역특례","데이터분석가데이터엔지니어백엔드/서버개발웹개발프론트엔드 외","신입 · 경력
석사↑","정규직
서울전체","입사지원
상시채용
"
"54","버즈니","IT/웹/통신",3.6,"[전문연구요원/신입가능] AI/Recommendation System 리서치 엔지니어 - 병역특례","데이터분석가데이터엔지니어백엔드/서버개발웹개발데이터마이닝 외","신입 · 경력
석사↑","정규직
서울전체","입사지원
상시채용
"
"55","매스프레소","IT/웹/통신",3.5,"Data Analyst (데이터 분석가)","데이터분석가백엔드/서버개발앱개발웹개발SE(시스템엔지니어) 외","1 ~ 15년
학력무관","정규직
서울전체","입사지원
상시채용
"
"56","매스프레소","IT/웹/통신",3.5,"DevOps Engineer (데브옵스 엔지니어)","백엔드/서버개발웹개발DBASE(시스템엔지니어)인프라 외","8 ~ 20년
학력무관","정규직
서울전체","입사지원
상시채용
"
"57","매스프레소","IT/웹/통신",3.5,"Data Engineer (데이터 엔지니어)","앱개발SE(시스템엔지니어)데이터마이닝데이터시각화빅데이터 외","1 ~ 15년
학력무관","정규직
서울전체","입사지원
상시채용
"
"58","매스프레소","IT/웹/통신",3.5,"[제품 개발] Backend Developer (백엔드 개발자)","백엔드/서버개발웹개발SE(시스템엔지니어)블록체인인프라 외","3 ~ 15년
학력무관","정규직
서울전체","입사지원
상시채용
"
"59","오픈메이트","IT/웹/통신",3.5,"[오픈메이트] 플랫폼사업본부 신입/경력 인재모집","데이터분석가백엔드/서버개발웹개발정보보안퍼블리셔 외","경력무관
학력무관","정규직
서울 서대문구","입사지원
~ 04/15
"
"60","비바리퍼블리카","IT/웹/통신",3.5,"[토스페이먼츠] Risk Manager","SE(시스템엔지니어)영업관리가맹점관리통계/분석리서치 외","경력무관
학력무관","정규직
서울 강남구","홈페이지 지원
상시채용
"
"61","비바리퍼블리카","IT/웹/통신",3.5,"[토스증권] Security Engineer (엔드포인트 보안)","보안컨설팅정보보안CISOAPIDLP 외","2 ~ 15년
학력무관","정규직
서울전체","입사지원
상시채용
"
"62","비바리퍼블리카","IT/웹/통신",3.5,"[토스뱅크] Anti-Fraud Manager","기술지원데이터분석가데이터엔지니어MSSQLMySQL 외","경력무관
학력무관","서울 강남구","홈페이지 지원
상시채용
"
"63","비바리퍼블리카","IT/웹/통신",3.5,"[토스]Hardware Engineer (POS)","보안컨설팅앱개발정보보안H/WAndroid 외","경력무관
학력무관","정규직
서울 강남구","홈페이지 지원
상시채용
"
"64","비바리퍼블리카","IT/웹/통신",3.5,"[토스] Finance Analyst (Data)","데이터분석가데이터엔지니어데이터라벨링데이터마이닝데이터시각화 외","경력무관
학력무관","정규직
서울 강남구","홈페이지 지원
상시채용
"
"65","윙잇","IT/웹/통신",3.5,"[윙잇] QA 엔지니어","QA/테스터APIC++R","2 ~ 10년
학력무관","정규직
서울전체","입사지원
상시채용
"
"66","윙잇","IT/웹/통신",3.5,"[윙잇] QA 엔지니어(2년 이상)","게임개발백엔드/서버개발앱개발웹개발QA/테스터 외","경력 2년↑
대학교(4년)↑","정규직
서울 강남구","입사지원
채용시
"
"67","윙잇","IT/웹/통신",3.5,"[윙잇] 커머스 React.js 웹 프론트엔드 개발자(3년 이상)","백엔드/서버개발웹개발프론트엔드SE(시스템엔지니어)AWS 외","3 ~ 9년
대학교(4년)↑","정규직
서울전체","입사지원
상시채용
"
"68","동구밭","제조/화학",3.5,"(주)동구밭 각 부문별 상반기 공개채용[경력/신입]","데이터분석가반응형웹CSSCSS3HTML 외","신입 · 경력
학력무관","계약직
서울 성동구","입사지원
~ 04/15
"
"69","대한상공회의소","기관/협회",3.5,"[무료교육]대한상공회의소 디지털 기술 교육생 모집[취업연계]","보안컨설팅정보보안빅데이터IoTAI(인공지능) 외","신입 · 경력
학력무관","교육생
서울전체","접수방법 확인
~ 03/31
"
"70","해줌","IT/웹/통신",3.5,"백엔드 개발자 채용","백엔드/서버개발웹개발프론트엔드DBASE(시스템엔지니어) 외","신입 · 경력
대학(2,3년)↑","정규직
서울전체","입사지원
상시채용
"
"71","디딤365","IT/웹/통신",3.5,"클라우드 CS / 운영관리 / 시스템 관제 영입","백엔드/서버개발SE(시스템엔지니어)머신러닝빅데이터클라우드 외","신입 · 경력
대학(2,3년)↑","정규직
서울 금천구","채용 홈페이지
~ 05/01
"
"72","디딤365","IT/웹/통신",3.5,"시스템 엔지니어 / DevOps / 인프라 관리 / 서비스 보안 영입","백엔드/서버개발SE(시스템엔지니어)머신러닝빅데이터클라우드 외","신입 · 경력
대학(2,3년)↑","정규직
서울 금천구","채용 홈페이지
~ 05/01
"
"73","디딤365","IT/웹/통신",3.5,"클라우드 SA / DevOps 설계/구축 신입/경력사원 영입","기술지원백엔드/서버개발SE(시스템엔지니어)머신러닝빅데이터 외","신입 · 경력
대학(2,3년)↑","정규직
서울 금천구","채용 홈페이지
~ 05/01
"
"74","푸드테크","IT/웹/통신",3.5,"22년 상반기 푸드테크 각 부문 신입/경력직 모집","데이터분석가데이터엔지니어SE(시스템엔지니어)데이터마이닝데이터시각화 외","경력
학력무관","정규직
서울 강남구","입사지원
~ 04/15
"
"75","푸드테크","IT/웹/통신",3.5,"22년 상반기 푸드테크 IT부문 채용","기술지원데이터분석가백엔드/서버개발보안컨설팅앱개발 외","신입 · 경력
학력무관","정규직
서울 강남구","입사지원
~ 04/30
"
"76","현대모비스","제조/화학",3.5,"22년 상반기 각 부문별 신입/경력 채용","데이터분석가데이터엔지니어백엔드/서버개발앱개발웹개발 외","신입 · 경력
대학교(4년)↑","정규직
경기 의왕시","홈페이지 지원
~ 04/15
"
"77","다우데이타","IT/웹/통신",3.4,"[다우키움그룹] 다우데이타 Microsoft365 엔지니어(SE) 채용","SE(시스템엔지니어)솔루션R","경력 3년↑
대학교(4년)↑","정규직
서울 마포구","입사지원
채용시
"
"78","나이스평가정보","IT/웹/통신",3.4,"[NICE평가정보] 상반기 신입/경력 직원 수시채용","기술지원데이터분석가데이터엔지니어백엔드/서버개발웹개발 외","신입 · 경력
대학교(4년)↑","정규직
서울 영등포구","홈페이지 지원
~ 04/18
"
"79","로보티즈","IT/웹/통신",3.4,"[실외배송로봇 연구개발] - Computer Vision Engineer 외","머신러닝네트워크임베디드클라우드API 외","신입 · 경력
대학교(4년)↑","정규직 · 계약직
서울 강서구","입사지원
~ 05/31
"
"80","로보티즈","IT/웹/통신",3.4,"[실외배송로봇 연구개발] - Sensor Integration Engineer","머신러닝APIC++R","신입 · 경력
대학교(4년)↑","정규직 · 계약직
서울 강서구","입사지원
~ 05/31
"
"81","한국공항공사","유통/무역/운송",3.4,"한국공항공사 2022년 상반기 신입사원 채용공고","네트워크정보통신GIS공인회계사전산회계 외","신입
학력무관","정규직 · 계약직
전국","홈페이지 지원
~ 04/15
"
"82","설로인","서비스업",3.4,"백엔드 시니어 개발자(사내 벤처팀)","백엔드/서버개발앱개발웹개발프론트엔드SE(시스템엔지니어) 외","3 ~ 7년
학력무관","정규직
서울전체","입사지원
~ 04/30
"
"83","다우기술","IT/웹/통신",3.4,"IDC 보안 엔지니어 경력사원 채용","보안컨설팅정보보안모의해킹방화벽악성코드 외","5 ~ 12년
대학(2,3년)↑","정규직
서울 마포구","홈페이지 지원
~ 04/20
"
"84","민앤지","IT/웹/통신",3.4,"[민앤지] 마이데이터 플랫폼 개발 경력직 채용","백엔드/서버개발웹개발프론트엔드SE(시스템엔지니어)네트워크 외","7 ~ 12년
대학(2,3년)↑","정규직
서울전체","입사지원
상시채용
"
"85","코리아크레딧뷰로","서비스업",3.4,"코리아크레딧뷰로(주) 데이터운영 및 분석업무 지원 채용","데이터분석가데이터엔지니어빅데이터사무직사무보조 외","경력무관
대학(2,3년)↑","계약직
서울 영등포구","입사지원
~ 04/18
"
"86","그린랩스","IT/웹/통신",3.4,"[아키텍처팀] QA 엔지니어","QA/테스터인프라클라우드트러블슈팅API 외","2 ~ 5년
학력무관","정규직
서울전체","입사지원
상시채용
"
"87","그린랩스","IT/웹/통신",3.4,"[솔루션개발팀] 백엔드 개발 (3년 이상)","백엔드/서버개발웹개발프론트엔드DBASE(시스템엔지니어) 외","3 ~ 10년
학력무관","정규직
서울전체","입사지원
상시채용
"
"88","광주은행","은행/금융업",3.4,"2022년 광주은행 전문경력직 채용","데이터분석가데이터엔지니어백엔드/서버개발웹개발퍼블리셔 외","경력
학력무관","정규직 · 계약직
광주 동구","입사지원
~ 04/13
"
"89","에어리퀴드코리아","제조/화학",3.4,"에어리퀴드코리아㈜/에어리퀴드솔루션즈코리아 각 부문 정규직 모집","영업관리영업지원장비영업A/S기사생산관리 외","경력
대학교(4년)↑","정규직
충남 천안시","입사지원
~ 04/19
"
"90","헬로서치","서비스업",3.3,"유명게임사 DevOps 담당자 모집-중국어 가능자-","IT컨설팅SE(시스템엔지니어)네트워크PythonSQL 외","경력 3년↑
학력무관","정규직
서울 강남구","입사지원
~ 05/04
"
"91","헬로서치","서비스업",3.3,"IT리더급 (데이터분석, 알고리즘 연구, 머신러닝, 딥러닝)","데이터분석가데이터엔지니어데이터시각화딥러닝머신러닝 외","경력 12년↑
대학교(4년)↑","정규직
서울 강남구","입사지원
~ 04/30
"
"92","슈나이더일렉트릭코리아","유통/무역/운송",3.3,"[프랑스계 전기회사/인턴] Engineering Intern","전기제어LED자동차","경력무관
대학교(4년)↑","인턴직
서울 강서구","입사지원
~ 04/24
"
"93","슈나이더일렉트릭코리아","유통/무역/운송",3.3,"[프랑스계 전기회사/경력직] 프로젝트 엔지니어 모집","전기제어HMIPLC","경력 7년↑
대학교(4년)↑","정규직
서울 강서구","입사지원
~ 04/20
"
"94","뤼이드","IT/웹/통신",3.3,"Cloud Security Engineer","백엔드/서버개발보안컨설팅웹개발정보보안CISO 외","5 ~ 10년
대학교(4년)↑","정규직
서울전체","입사지원
상시채용
"
"95","뤼이드","IT/웹/통신",3.3,"ML Engineer","데이터분석가백엔드/서버개발웹개발프론트엔드DBA 외","5 ~ 15년
학력무관","정규직
서울전체","입사지원
상시채용
"
"96","뤼이드","IT/웹/통신",3.3,"DevOps Engineer","백엔드/서버개발웹개발SE(시스템엔지니어)검색엔진인프라 외","3 ~ 10년
학력무관","정규직
서울전체","입사지원
상시채용
"
"97","뤼이드","IT/웹/통신",3.3,"Sr. Android Engineer","앱개발AndroidGitKotlin머신러닝 외","5 ~ 15년
학력무관","정규직
서울전체","입사지원
상시채용
"
"98","뤼이드","IT/웹/통신",3.3,"Data Engineer","백엔드/서버개발웹개발SE(시스템엔지니어)검색엔진데이터마이닝 외","2 ~ 7년
학력무관","정규직
서울전체","입사지원
상시채용
"
"99","뤼이드","IT/웹/통신",3.3,"QA Engineer","QA/테스터머신러닝C++R","3 ~ 10년
학력무관","정규직
서울전체","입사지원
상시채용
"
"100","뤼이드","IT/웹/통신",3.3,"Sr. Backend Engineer","백엔드/서버개발웹개발DBASE(시스템엔지니어)인프라 외","5 ~ 15년
학력무관","정규직
서울전체","입사지원
상시채용
"
"101","뤼이드","IT/웹/통신",3.3,"iOS Engineer","앱개발웹개발프론트엔드GitiOS 외","1 ~ 10년
학력무관","정규직
서울전체","입사지원
상시채용
"
"102","뤼이드","IT/웹/통신",3.3,"Frontend Engineer","웹개발프론트엔드ECMAScriptGitJavascript 외","3 ~ 10년
학력무관","정규직
서울전체","입사지원
상시채용
"
"103","이스트소프트","IT/웹/통신",3.3,"[ESTsoft] 백엔드 개발자 (신입)","데이터분석가데이터엔지니어백엔드/서버개발앱개발웹개발 외","신입
학력무관","정규직
서울 서초구","홈페이지 지원
~ 04/12
"
"104","이스트소프트","IT/웹/통신",3.3,"[ESTsoft] 백엔드 개발자 (경력)","데이터분석가데이터엔지니어백엔드/서버개발앱개발웹개발 외","2 ~ 9년
학력무관","정규직
서울 서초구","홈페이지 지원
~ 04/12
"
"105","이스트소프트","IT/웹/통신",3.3,"[ESTsoft] TTS 엔지니어 (경력)","데이터분석가딥러닝머신러닝블록체인빅데이터 외","3 ~ 15년
대학교(4년)↑","정규직
서울전체","입사지원
상시채용
"
"106","이스트소프트","IT/웹/통신",3.3,"[ESTsoft] TTS 엔지니어 (경력)","백엔드/서버개발SE(시스템엔지니어)딥러닝머신러닝알고리즘 외","2 ~ 9년
학력무관","정규직
서울 서초구","입사지원
채용시
"
"107","파이오링크","IT/웹/통신",3.3,"[(주)파이오링크] HCI 사업팀 클라우드 엔지니어 모집","네트워크클라우드Linux인프라C++ 외","경력무관
학력무관","정규직
서울 금천구","채용 홈페이지
~ 04/14
"
"108","알티캐스트","IT/웹/통신",3.3,"서버/백엔드 개발자(3년이상) 채용","백엔드/서버개발웹개발DBASE(시스템엔지니어)딥러닝 외","3 ~ 10년
대학교(4년)↑","정규직
서울전체","입사지원
~ 04/30
"
"109","알티캐스트","IT/웹/통신",3.3,"devops/시스템엔지니어 경력 채용","백엔드/서버개발웹개발SE(시스템엔지니어)인프라DevOps 외","4 ~ 10년
대학교(4년)↑","정규직
서울전체","입사지원
~ 04/30
"
"110","엑셈","IT/웹/통신",3.3,"[엑셈/주30시간] AIOps 백엔드 개발자 (경력2년이상)","백엔드/서버개발웹개발프론트엔드SE(시스템엔지니어)딥러닝 외","2 ~ 10년
학력무관","정규직
서울전체","입사지원
상시채용
"
"111","엑셈","IT/웹/통신",3.3,"[엑셈/주30시간] WAS 기술지원 (경력3년이상)","기술지원웹개발SE(시스템엔지니어)검색엔진ElasticStack 외","3 ~ 7년
학력무관","정규직
서울전체","입사지원
상시채용
"
"112","엑셈","IT/웹/통신",3.3,"[엑셈/주30시간] DB 기술지원 (경력3년이상)","기술지원웹개발DBASE(시스템엔지니어)검색엔진 외","3 ~ 7년
학력무관","정규직
서울전체","입사지원
상시채용
"
"113","엑셈","IT/웹/통신",3.3,"[엑셈/주30시간] 클라우드파트 백엔드 개발자 (경력2년이상)","백엔드/서버개발웹개발프론트엔드SE(시스템엔지니어)딥러닝 외","2 ~ 10년
학력무관","정규직
서울전체","입사지원
상시채용
"
"114","엑셈","IT/웹/통신",3.3,"[엑셈/주30시간] QA 엔지니어 (경력5년이상)","웹개발QA/테스터SE(시스템엔지니어)클라우드Docker 외","5 ~ 10년
학력무관","정규직
서울전체","입사지원
상시채용
"
"115","엑셈","IT/웹/통신",3.3,"[엑셈/주30시간] 데이터 사이언티스트 (경력3년이상)","데이터분석가데이터엔지니어SE(시스템엔지니어)데이터마이닝데이터시각화 외","3 ~ 7년
학력무관","정규직
서울전체","입사지원
상시채용
"
"116","엑셈","IT/웹/통신",3.3,"[코스닥상장 IT 전문 기업 / 10 to 5] 엑셈 SW엔지니어 채용","웹개발DBA클라우드WindowsApache 외","3 ~ 7년
대학(2,3년)↑","정규직
서울 강서구","입사지원
채용시
"
"117","엑셈","IT/웹/통신",3.3,"[코스닥상장 / 10 to 5] 엑셈 SW제품 기획자 채용 (경력)","솔루션S/WR&D기획프로토타이핑UI/UX 외","경력무관
대학(2,3년)↑","정규직
서울 강서구","입사지원
상시채용
"
"118","하니웰애널리틱스","유통/무역/운송",3.3,"[하니웰애널리틱스] System Application Engineer","FAE기술엔지니어IDCSDKC++ 외","경력 4년↑
대학(2,3년)↑","정규직
서울 마포구","입사지원
~ 05/08
"
"119","케이티넥스알","IT/웹/통신",3.3,"[kt넥스알] 프로젝트 PM(빅데이터 시스템 개발 매니저) 채용","데이터분석가데이터엔지니어데이터마이닝데이터시각화빅데이터 외","4 ~ 20년
대학교(4년)↑","정규직
서울전체","입사지원
상시채용
"
"120","케이티넥스알","IT/웹/통신",3.3,"[KT NexR] 백엔드 개발자 채용","데이터분석가데이터엔지니어백엔드/서버개발웹개발딥러닝 외","3 ~ 15년
대학교(4년)↑","정규직
서울전체","입사지원
상시채용
"
"121","케이티넥스알","IT/웹/통신",3.3,"Data Scientist 채용","데이터분석가웹개발SE(시스템엔지니어)데이터마이닝데이터시각화 외","신입 · 경력
대학교(4년)↑","정규직
서울전체","입사지원
상시채용
"
"122","케이티넥스알","IT/웹/통신",3.3,"[kt NexR] Data Architect 채용","데이터분석가데이터엔지니어웹개발DBASE(시스템엔지니어) 외","신입 · 경력
대학교(4년)↑","정규직
서울전체","입사지원
상시채용
"
"123","케이티넥스알","IT/웹/통신",3.3,"[kt NexR] Technical Architect 채용","데이터분석가데이터엔지니어백엔드/서버개발웹개발DBA 외","4 ~ 10년
대학교(4년)↑","정규직
서울전체","입사지원
상시채용
"
"124","케이티넥스알","IT/웹/통신",3.3,"[KT NexR] 프론트엔드 개발자 채용","백엔드/서버개발웹개발퍼블리셔프론트엔드SE(시스템엔지니어) 외","5 ~ 15년
학력무관","정규직
서울 서초구","입사지원
상시채용
"
"125","비투엔","IT/웹/통신",3.3,"2022년 비투엔 상반기 각 부문 공개채용(신입/경력)","데이터분석가데이터엔지니어백엔드/서버개발정보보안프론트엔드 외","신입 · 경력
학력무관","정규직
서울 영등포구","입사지원
내일마감
"
"126","신한은행","은행/금융업",3.3,"2022년 디지털/ICT 수시채용 석·박사 특별채용 공고","데이터분석가백엔드/서버개발보안컨설팅앱개발웹개발 외","신입 · 경력
석사↑","정규직
서울 중구","홈페이지 지원
~ 04/13
"
"127","신한은행","은행/금융업",3.3,"2022년 디지털/ICT 수시채용 삼성청년 SW아카데미 특별전형","데이터분석가백엔드/서버개발보안컨설팅앱개발웹개발 외","신입 · 경력
학력무관","정규직
서울 중구","홈페이지 지원
~ 04/25
"
"128","신한은행","은행/금융업",3.3,"2022년 디지털/ICT 수시채용","데이터분석가백엔드/서버개발보안컨설팅앱개발웹개발 외","신입 · 경력
학력무관","정규직
서울 중구","홈페이지 지원
~ 04/25
"
"129","신한은행","은행/금융업",3.3,"2022년 ICT 특성화고 수시채용","데이터분석가백엔드/서버개발보안컨설팅앱개발웹개발 외","신입
고졸↑","정규직
서울 중구","홈페이지 지원
~ 04/25
"
"130","아슈리온코리아","은행/금융업",3.3,"[외국계] IT Software Engineer","백엔드/서버개발프론트엔드APIS/WCSS3 외","2 ~ 6년
대학교(4년)↑","정규직
서울 종로구","입사지원
~ 05/08
"
"131","유니시티코리아","유통/무역/운송",3.3,"IT 웹 개발자 모집 (Front End Developer)","데이터엔지니어백엔드/서버개발앱개발웹개발웹마스터 외","4 ~ 6년
대학교(4년)↑","정규직
서울 강남구","입사지원
~ 04/17
"
"132","두핸즈","유통/무역/운송",3.2,"[두핸즈] Android Developer(안드로이드 개발자)","앱개발웹개발프론트엔드DBARDBMS 외","5 ~ 15년
학력무관","정규직
서울전체","입사지원
~ 06/30
"
"133","두핸즈","유통/무역/운송",3.2,"[두핸즈] DevOps Engineer (DevOps 엔지니어)","백엔드/서버개발웹개발프론트엔드DBASE(시스템엔지니어) 외","5 ~ 15년
학력무관","정규직
서울전체","입사지원
~ 06/30
"
"134","두핸즈","유통/무역/운송",3.2,"[두핸즈] Sr. Frontend Software Engineer (시니어 프론트엔드 소프트웨어 엔지니어)","웹개발프론트엔드ECMAScriptJavascriptReact 외","5 ~ 15년
학력무관","정규직
서울전체","입사지원
~ 06/30
"
"135","두핸즈","유통/무역/운송",3.2,"[두핸즈] Sr. Backend Software Engineer (시니어 백엔드 소프트웨어 엔지니어)","백엔드/서버개발웹개발프론트엔드DBASE(시스템엔지니어) 외","5 ~ 15년
학력무관","정규직
서울전체","입사지원
~ 06/30
"
"136","두핸즈","유통/무역/운송",3.2,"[두핸즈] Data Engineer (데이터 엔지니어)","데이터분석가데이터엔지니어웹개발DBASE(시스템엔지니어) 외","5 ~ 15년
학력무관","정규직
서울전체","입사지원
~ 06/30
"
"137","두핸즈","유통/무역/운송",3.2,"[두핸즈] Sr. Full-stack Developer (시니어 풀스택 개발자)","백엔드/서버개발앱개발웹개발퍼블리셔프론트엔드 외","5 ~ 15년
학력무관","정규직
서울전체","입사지원
~ 06/30
"
"138","딥브레인에이아이","IT/웹/통신",3.2,"[인공지능기업] 머신러닝/딥러닝 엔지니어 채용","웹개발빅데이터AI(인공지능)C++C언어 외","3 ~ 20년
석사↑","정규직
서울 강남구","입사지원
상시채용
"
"139","넛지헬스케어","IT/웹/통신",3.2,"[캐시워크)] QA 엔지니어 채용","QA/테스터APIHTMLiOSR","경력 2년↑
학력무관","정규직
서울 강남구","입사지원
~ 06/05
"
"140","링네트","IT/웹/통신",3.2,"[상암] 네트워크 상주 엔지니어 정규직 채용","기술지원데이터엔지니어유지보수정보보안CISO 외","경력 2년↑
학력무관","정규직
서울 마포구","입사지원
~ 05/08
"
"141","링네트","IT/웹/통신",3.2,"[서초] 네트워크 엔지니어 상주직 채용","기술지원데이터엔지니어유지보수정보보안CISO 외","경력 2년↑
학력무관","정규직 · 계약직
서울 서초구","입사지원
~ 05/29
"
"142","링네트","IT/웹/통신",3.2,"네트워크 엔지니어 신입/경력 채용","기술지원데이터엔지니어유지보수정보보안SE(시스템엔지니어) 외","신입 · 경력
학력무관","정규직 · 계약직
서울 구로구","입사지원
~ 04/29
"
"143","미리디","IT/웹/통신",3.2,"[미리캔버스] 백엔드 개발자","백엔드/서버개발웹개발프론트엔드DBASE(시스템엔지니어) 외","3 ~ 15년
대학교(4년)↑","정규직
서울전체","입사지원
~ 04/30
"
"144","한국표준협회","교육업",3.2,"22년 2기 인공지능&블록체인 교육생 모집","데이터분석가머신러닝빅데이터AI(인공지능)MySQL 외","경력무관
학력무관","교육생
전국","홈페이지 지원
~ 04/20
"
"145","제이티비씨","미디어/디자인",3.2,"[JTBC] 프론트엔드 개발","웹개발퍼블리셔프론트엔드반응형웹웹표준·웹접근성 외","3 ~ 8년
학력무관","정규직
서울전체","입사지원
상시채용
"
"146","제이티비씨","미디어/디자인",3.2,"[JTBC] 모바일 앱 개발(Android)","앱개발웹개발AndroidiOSJava 외","3 ~ 8년
학력무관","정규직
서울전체","입사지원
상시채용
"
"147","제이티비씨","미디어/디자인",3.2,"[JTBC] 모바일 앱 개발(iOS)","앱개발AndroidiOSObjective-CSwift 외","3 ~ 8년
학력무관","정규직
서울전체","입사지원
상시채용
"
"148","제이티비씨","미디어/디자인",3.2,"[JTBC] 검색 엔지니어","백엔드/서버개발웹개발SE(시스템엔지니어)검색엔진ElasticStack 외","3 ~ 10년
학력무관","정규직
서울전체","입사지원
상시채용
"
"149","제이티비씨","미디어/디자인",3.2,"[JTBC] 웹 백엔드 개발","백엔드/서버개발웹개발프론트엔드DBASE(시스템엔지니어) 외","3 ~ 10년
학력무관","정규직
서울전체","입사지원
상시채용
"
"150","아톤","IT/웹/통신",3.2,"[아톤] 서비스 기획 / 솔루션기획 / 퍼포먼스 마케터 경력 채용","사업기획서비스기획앱기획웹기획전략기획 외","경력 5년↑
대학교(4년)↑","정규직
서울 영등포구","채용 홈페이지
~ 05/01
"
"151","클로버추얼패션","IT/웹/통신",3.2,"[CLO3D] Software QA","QA/테스터Git솔루션C++R","1 ~ 10년
학력무관","정규직
서울전체","입사지원
상시채용
"
"152","지에스건설","건설업",3.2,"엘리베이터, 플랫폼, 데이터센터, IT 정규직 경력사원 모집","데이터분석가데이터엔지니어백엔드/서버개발보안컨설팅앱개발 외","경력
대학교(4년)↑","정규직
서울 종로구","홈페이지 지원
~ 04/17
"
"153","다나와","IT/웹/통신",3.2,"(주)다나와 기업부설연구소 채용(개발/데이터/시스템관리)","데이터엔지니어백엔드/서버개발DBASE(시스템엔지니어)SI개발 외","신입 · 경력
학력무관","정규직
서울 양천구","입사지원
채용시
"
"154","파수","IT/웹/통신",3.2,"[경력] 웹프론트엔드&서버 개발","백엔드/서버개발웹개발퍼블리셔프론트엔드SE(시스템엔지니어) 외","3 ~ 10년
대학교(4년)↑","정규직
서울전체","입사지원
상시채용
"
"155","파수","IT/웹/통신",3.2,"[경력] SW 컨설턴트(기술지원/AM) 부문별 모집","보안컨설팅정보보안IT컨설팅빅데이터솔루션 외","경력 3년↑
대학교(4년)↑","정규직
서울 마포구","채용 홈페이지
채용시
"
"156","파수","IT/웹/통신",3.2,"솔루션 엔지니어(해외 담당)","백엔드/서버개발웹개발NginxWindowsApache 외","4 ~ 7년
대학교(4년)↑","정규직
서울 마포구","입사지원
상시채용
"
"157","파수","IT/웹/통신",3.2,"서버 개발","백엔드/서버개발웹개발프론트엔드SE(시스템엔지니어)C++ 외","3 ~ 12년
학력무관","정규직
서울 마포구","입사지원
상시채용
"
"158","엔라이튼","IT/웹/통신",3.2,"EPC PM / O&M 엔지니어 (경력)","PM(프로젝트매니저)전기설비전기시공품질관리기획 외","3 ~ 10년
학력무관","정규직
서울 서초구","입사지원
상시채용
"
"159","바이브컴퍼니","IT/웹/통신",3.1,"[바이브컴퍼니] 데이터 분석 솔루션 백엔드 엔지니어 모집","백엔드/서버개발솔루션HadoopHBaseJava 외","신입 · 경력
대학교(4년)↑","정규직
서울 용산구","입사지원
상시채용
"
"160","바이브컴퍼니","IT/웹/통신",3.1,"[바이브컴퍼니] 2022년 전문연구요원 상시채용","데이터엔지니어백엔드/서버개발딥러닝머신러닝모델링 외","경력무관
석사↑","정규직
서울 용산구","입사지원
상시채용
"
"161","웅진","기관/협회",3.1,"(주)웅진 태블로(Tableau) 엔지니어 경력 채용","데이터분석가데이터시각화솔루션DWR 외","경력 3년↑
학력무관","정규직
서울 중구","홈페이지 지원
~ 05/21
"
"162","케이티","IT/웹/통신",3.1,"2022년 KT 신입/인턴 채용","백엔드/서버개발보안컨설팅웹개발정보보안퍼블리셔 외","신입
대학교(4년)↑","정규직 · 인턴직
서울전체","홈페이지 지원
~ 04/11
"
"163","쿠팡","유통/무역/운송",3.1,"[쿠팡] Staff, 머신러닝 엔지니어","데이터분석가데이터마이닝딥러닝머신러닝빅데이터 외","경력무관
대학교(4년)↑","정규직
서울 송파구","채용 홈페이지
채용시
"
"164","쿠팡","유통/무역/운송",3.1,"[쿠팡플레이] Media Operations Engineer","영상처리엔터테인먼트영상자막영상제작영상편집 외","6 ~ 15년
대학(2,3년)↑","정규직
서울 송파구","입사지원
~ 04/16
"
"165","쿠팡","유통/무역/운송",3.1,"[쿠팡] Security Engineer(Architecture & Engineering Infra)","웹마스터정보보안QA/테스터APIWindows 외","7 ~ 20년
대학교(4년)↑","정규직
서울 송파구","홈페이지 지원
채용시
"
"166","굿모닝아이텍","IT/웹/통신",3.1,"굿모닝아이텍(주) PM & PL (경력) 엔지니어(신입,경력) 모집","기술지원네트워크H/WVMware빅데이터 외","신입 · 경력
대학(2,3년)↑","정규직
서울 마포구","입사지원
~ 04/23
"
"167","굿모닝아이텍","IT/웹/통신",3.1,"굿모닝아이텍(주) 가상화 (서버, 네트워크, 데스크탑) 엔지니어","백엔드/서버개발네트워크VDI기술지원유지보수 외","신입 · 경력
대학교(4년)↑","정규직
서울 마포구","입사지원
~ 04/15
"
"168","로버트월터스코리아","서비스업",3.1,"[IT/엔지니어] Devops Engineer","데이터엔지니어SE(시스템엔지니어)스크립트인프라클라우드 외","경력 2년↑
학력무관","정규직
서울 중구","입사지원
~ 05/08
"
"169","로버트월터스코리아","서비스업",3.1,"[IT/엔지니어] Algorithm Engineer","데이터엔지니어자산관리알고리즘C++R","경력 2년↑
학력무관","정규직
서울 중구","입사지원
채용시
"
"170","케이아이티밸리","IT/웹/통신",3.1,"국가연구개발사업 과제 수행 웹 개발자","백엔드/서버개발웹개발SE(시스템엔지니어)JavaLinux","5 ~ 10년
학력무관","정규직
서울전체","입사지원
~ 04/30
"
"171","케이아이티밸리","IT/웹/통신",3.1,"데이터 분석 담당자","SE(시스템엔지니어)데이터마이닝데이터시각화빅데이터C언어 외","5년
대학교(4년)↑","정규직
서울전체","입사지원
~ 04/30
"
"172","문화방송","미디어/디자인",3.1,"2022 MBC 상반기 경력사원 공개채용","신사업발굴투자전략투자심사펀드상품기획 외","경력 1년↑
학력무관","정규직
서울 마포구","홈페이지 지원
~ 04/13
"
"173","타임게이트","IT/웹/통신",3.1,"타임게이트-소프트웨어(모니터링 솔루션) 엔지니어모집","기술지원유지보수SE(시스템엔지니어)빅데이터APM 외","1 ~ 10년
대학교(4년)↑","정규직
서울 성동구","입사지원
~ 04/30
"
"174","타임게이트","IT/웹/통신",3.1,"타임게이트 - 빅데이터 플랫폼 구축 / Splunk","보안컨설팅정보보안머신러닝빅데이터Python 외","경력무관
대학교(4년)↑","정규직
서울 성동구","입사지원
~ 04/23
"
"175","리눅스데이타시스템","IT/웹/통신",3.1,"엔지니어 경력직채용 (PaaS/PHP개발)","SE(시스템엔지니어)LinuxPaaSPHP기술지원 외","경력 3년↑
대학(2,3년)↑","정규직
서울 강남구","입사지원
~ 04/27
"
"176","리눅스데이타시스템","IT/웹/통신",3.1,"PaaS 엔지니어(팀장급)","기술지원R","5 ~ 15년
대학(2,3년)↑","정규직
서울전체","입사지원
상시채용
"
"177","리눅스데이타시스템","IT/웹/통신",3.1,"리눅스 엔지니어 채용","기술지원SE(시스템엔지니어)LinuxR","1 ~ 3년
학력무관","정규직
서울전체","입사지원
상시채용
"
"178","에이티아이","제조/화학",3.1,"[에이티아이] 2022 상반기 채용 및 채용연계교육","백엔드/서버개발웹개발유지보수IT컨설팅SE(시스템엔지니어) 외","신입 · 경력
대학교(4년)↑","정규직 · 교육생
인천 연수구","입사지원
~ 04/18
"
"179","컨트롤웍스","제조/화학",3.1,"[컨트롤웍스] 시스템 테스트 엔지니어 채용 (신입/경력)","임베디드C언어LinuxMatlab","신입 · 경력
대학교(4년)↑","정규직
서울 강남구","입사지원
~ 04/21
"
"180","펑타이그레이터차이나영업소","미디어/디자인",3.1,"[PTKOERA] 데이터 엔지니어 (계약)","데이터분석가데이터엔지니어데이터시각화임베디드리눅스기술지원 외","2 ~ 11년
대학교(4년)↑","계약직
서울 강남구","홈페이지 지원
~ 04/17
"
"181","혁산정보시스템","IT/웹/통신",3.1,"웹기획/웹사업(PM)/델파이개발/데이터 처리(오라클,MSSQL) 경력직 모집","기술지원데이터엔지니어유지보수SE(시스템엔지니어)솔루션 외","신입 · 경력
대학(2,3년)↑","정규직
서울 영등포구","입사지원
~ 04/20
"
"182","휴머스온","IT/웹/통신",3.1,"Technical Project Manager","웹개발DBASE(시스템엔지니어)JavaLinux 외","3 ~ 10년
대학교(4년)↑","정규직
서울전체","입사지원
~ 05/02
"
"183","휴머스온","IT/웹/통신",3.1,"빅데이터 개발","웹개발프론트엔드SE(시스템엔지니어)검색엔진데이터마이닝 외","2 ~ 14년
대학교(4년)↑","정규직
서울전체","입사지원
~ 05/02
"
"184","휴머스온","IT/웹/통신",3.1,"Application architect","백엔드/서버개발웹개발퍼블리셔프론트엔드DBA 외","6 ~ 12년
대학교(4년)↑","정규직
서울전체","입사지원
~ 05/02
"
"185","휴머스온","IT/웹/통신",3.1,"데이터 엔지니어","데이터분석가데이터엔지니어웹개발SE(시스템엔지니어)검색엔진 외","3 ~ 12년
대학교(4년)↑","정규직
서울전체","입사지원
~ 05/02
"
"186","휴머스온","IT/웹/통신",3.1,"솔루션 유지보수 개발","백엔드/서버개발웹개발SE(시스템엔지니어)WindowsJava 외","2 ~ 12년
대학교(4년)↑","정규직
서울전체","입사지원
~ 05/02
"
"187","휴머스온","IT/웹/통신",3.1,"데이터 사이언티스트","데이터분석가데이터엔지니어데이터마이닝데이터시각화딥러닝 외","3 ~ 10년
대학교(4년)↑","정규직
서울전체","입사지원
~ 05/02
"
"188","휴머스온","IT/웹/통신",3.1,"데이터엔지니어, 데이터 사이언티스트, 데이터 분석가 경력 모집","데이터분석가데이터마이닝데이터시각화빅데이터API 외","경력 3년↑
대학교(4년)↑","정규직
서울 강남구","입사지원
~ 05/01
"
"189","휴머스온","IT/웹/통신",3.1,"서비스 [개발/운영 엔지니어] [운영기획] [영업지원]","백엔드/서버개발웹개발APIJavaLinux 외","경력 2년↑
대학교(4년)↑","정규직
서울 강남구","입사지원
~ 05/01
"
"190","현대에이치디에스","IT/웹/통신",3.1,"현대HDS 경력직원 채용","백엔드/서버개발보안컨설팅앱개발웹개발웹마스터 외","경력
대학(2,3년)↑","정규직
서울 송파구","홈페이지 지원
~ 04/14
"
"191","키스템프그룹","서비스업",3.1,"[강남구/연4,000만] 유명기업 SW QA, SQA(웹/앱테스트/검증) 2명","게임개발기술지원데이터엔지니어보안컨설팅앱개발 외","경력 2년↑
고졸↑","정규직
서울 강남구
4,000만원","입사지원
~ 04/13
"
"192","키스템프그룹","서비스업",3.1,"JTBC 스포츠채널 편성/운행MD 채용[DMC/야간/신입가능]","사이트관리콘텐츠관리CS관리기상캐스터촬영감독 외","경력무관
학력무관","계약직 · 파견직
서울 마포구","입사지원
~ 04/12
"
"193","키스템프그룹","서비스업",3.1,"[서현역/신입가능] CJ올리브네트웍스 OTT 저작권 운영 사무 채","기술지원보안컨설팅유지보수정보보안네트워크 외","경력무관
학력무관","계약직 · 파견직
서울 마포구","입사지원
~ 04/11
"
"194","라티스글로벌커뮤니케이션스","IT/웹/통신",3.1,"[라티스글로벌] 게임 현지화 엔지니어 채용","기술지원데이터엔지니어SE(시스템엔지니어)데이터분석C++ 외","경력무관
대학교(4년)↑","정규직
서울 송파구","입사지원
~ 04/29
"
"195","라티스글로벌커뮤니케이션스","IT/웹/통신",3.1,"[라티스글로벌] SC 사업부 현지화 엔지니어 모집","기술지원데이터엔지니어QA/테스터빅데이터솔루션 외","경력무관
대학(2,3년)↑","정규직 · 계약직
서울 송파구","입사지원
~ 04/17
"
"196","이스트시큐리티","IT/웹/통신",3.1,"[ESTsecurity] 알약M 프로덕트 오너(PO)","데이터분석가데이터엔지니어보안컨설팅솔루션서비스기획 외","5 ~ 10년
대학교(4년)↑","정규직
서울 서초구","입사지원
~ 04/28
"
"197","굿어스","IT/웹/통신",3.1,"[평택] 네트워크 엔지니어 (경력 2년 이상)","SE(시스템엔지니어)네트워크기술지원유지보수정보통신 외","2 ~ 3년
대학교(4년)↑","정규직
서울 강남구","채용 홈페이지
~ 04/24
"
"198","굿어스","IT/웹/통신",3.1,"IT 보안 엔지니어 (경력 2년 이상) 채용","정보보안SE(시스템엔지니어)방화벽기술지원유지보수 외","경력 2년↑
대학(2,3년)↑","정규직
서울 강남구","채용 홈페이지
~ 04/17
"
"199","오티아이","IT/웹/통신",3.1,"오티아이㈜ 각 부문 신입 및 경력직 채용","네트워크IDCS/WAndroidiOS 외","신입 · 경력
대학교(4년)↑","정규직 · 계약직
서울 서초구","입사지원
~ 04/17
"
"200","유니원아이앤씨","유통/무역/운송",3.1,"2022 상반기 IT인프라 UNIX, x86 엔지니어 경력&신입 채용","유지보수솔루션네트워크인프라VMware 외","신입 · 경력
대학교(4년)↑","정규직
서울 영등포구
3,000만원 (면접 후 협의)","입사지원
~ 04/14
"
"201","유니원아이앤씨","유통/무역/운송",3.1,"[팀장급 채용] 웹 풀스택 개발자","백엔드/서버개발웹개발퍼블리셔프론트엔드DBA 외","7 ~ 15년
대학교(4년)↑","정규직
서울전체","입사지원
상시채용
"
"202","폴라리스오피스","IT/웹/통신",3.1,"[폴라리스오피스] HR, 기획, 개발 부문별 채용","게임개발데이터분석가데이터엔지니어백엔드/서버개발앱개발 외","신입 · 경력
대학교(4년)↑","정규직
서울 금천구","홈페이지 지원
~ 04/17
"
"203","하이퍼커넥트","IT/웹/통신",3.1,"[하이퍼커넥트] Operation Specialist","서비스기획외주관리CX매니저기술상담통화품질분석 외","1 ~ 8년
대학교(4년)↑","정규직
서울 강남구","홈페이지 지원
~ 04/17
"
"204","쉥커코리아","유통/무역/운송",3.1,"[쉥커코리아] 각 부문별 수시 채용","경영분석시장조사신사업기획신사업발굴실적관리 외","경력 1년↑
대학교(4년)↑","정규직
서울 마포구","입사지원
~ 04/29
"
"205","뉴링크","IT/웹/통신",3.1,"[뉴링크] DBA 담당자","웹개발DBASE(시스템엔지니어)DBMSRDBMS 외","5 ~ 15년
학력무관","정규직
서울전체","입사지원
상시채용
"
"206","시큐레이어","IT/웹/통신",3.1,"(주)시큐레이어 솔루션사업팀(서울,대전,광주)모집","정보보안SE(시스템엔지니어)기술지원네트워크솔루션 외","신입 · 경력
대학(2,3년)↑","정규직
서울 성동구","채용 홈페이지
~ 04/18
"
"207","메디트","의료/제약/복지",3,"[MEDIT] Ai 엔지니어","딥러닝머신러닝빅데이터S/WAI(인공지능) 외","경력무관
대학교(4년)↑","정규직
서울 영등포구","홈페이지 지원
~ 04/15
"
"208","코리아폴리스쿨","유통/무역/운송",3,"[코리아폴리스쿨] JAVA / DBA / 웹,앱 디자이너 / QA테스터 모집","백엔드/서버개발앱개발웹개발정보보안퍼블리셔 외","경력
학력무관","정규직
서울 송파구","입사지원
~ 04/13
"
"209","코리아폴리스쿨","유통/무역/운송",3,"[코리아폴리스쿨] 머신러닝 엔지니어(자연어 처리) 모집","데이터분석가백엔드/서버개발웹개발프론트엔드빅데이터 외","경력 1년↑
학력무관","정규직 · 계약직
서울 송파구","입사지원
~ 05/22
"
"210","코리아폴리스쿨","유통/무역/운송",3,"DBA 담당자","데이터엔지니어DBA데이터마이닝빅데이터DW 외","5 ~ 12년
대학교(4년)↑","정규직
서울전체","입사지원
상시채용
"
"211","아데코코리아","서비스업",3,"[미국계/자율주행] SW QA Engineer","QA/테스터자율주행S/WAI(인공지능)Android 외","경력 3년↑
대학교(4년)↑","정규직
서울 성동구","입사지원
~ 05/08
"
"212","아데코코리아","서비스업",3,"IE Engineer (외국계기업)","건물관리자기계기사","5 ~ 10년
대학교(4년)↑","정규직
서울 강남구","입사지원
~ 05/01
"
"213","펜타시큐리티시스템","IT/웹/통신",3,"금융사 인증보안제품 엔지니어(기술지원) 담당자 모집","기술지원보안컨설팅정보보안SE(시스템엔지니어)방화벽 외","1 ~ 10년
학력무관","정규직 · 계약직
서울 영등포구","입사지원
~ 04/17
"
"214","뉴로핏","IT/웹/통신",3,"[뇌영상AI선두기업] 각 분야별 모집 (연구분야)","데이터분석가데이터엔지니어데이터마이닝머신러닝빅데이터 외","경력무관
대학교(4년)↑","정규직
서울 강남구","홈페이지 지원
~ 05/07
"
"215","뉴로핏","IT/웹/통신",3,"[뉴로핏] 의료영상 인공지능 엔지니어 모집","데이터분석가딥러닝머신러닝블록체인빅데이터 외","2 ~ 7년
석사↑","정규직
서울전체","입사지원
상시채용
"
"216","슈어소프트테크","IT/웹/통신",3,"슈어소프트테크(주) 2022년 상반기 경력직 대규모 채용","데이터엔지니어백엔드/서버개발보안컨설팅앱개발웹개발 외","경력
대학(2,3년)↑","정규직
서울 강남구","입사지원
~ 04/30
"
"217","슈어소프트테크","IT/웹/통신",3,"전력변환 제어기 개발","SE(시스템엔지니어)딥러닝머신러닝빅데이터알고리즘 외","2 ~ 7년
대학(2,3년)↑","정규직
서울전체","입사지원
상시채용
"
"218","사람인에이치알","IT/웹/통신",3,"SRE(Site Reliability Engineering) 엔지니어","백엔드/서버개발웹개발DBASE(시스템엔지니어)인프라 외","3 ~ 7년
학력무관","정규직
서울전체","홈페이지 지원
상시채용
"
"219","사람인에이치알","IT/웹/통신",3,"[AI LAB] 검색 서비스 설계 및 개발 연구원(석사 신입 가능)","데이터분석가데이터엔지니어웹개발프론트엔드SE(시스템엔지니어) 외","3 ~ 10년
대학교(4년)↑","정규직
서울전체","홈페이지 지원
~ 04/17
"
"220","사람인에이치알","IT/웹/통신",3,"[AI LAB] AI파트 연구원 채용 (경력)","데이터분석가웹개발SE(시스템엔지니어)검색엔진딥러닝 외","1 ~ 10년
대학교(4년)↑","정규직
서울전체","홈페이지 지원
~ 04/17
"
"221","사람인에이치알","IT/웹/통신",3,"JAVA 개발자 경력직","백엔드/서버개발웹개발SE(시스템엔지니어)검색엔진딥러닝 외","3 ~ 10년
학력무관","정규직
서울전체","홈페이지 지원
상시채용
"
"222","씨엔알리서치","서비스업",3,"[임상기업부설연구소] 채용","데이터분석가데이터엔지니어백엔드/서버개발프론트엔드딥러닝 외","경력 5년↑
대학교(4년)↑","정규직
서울 노원구","입사지원
채용시
"
"223","엠아이큐브솔루션","IT/웹/통신",3,"IT R&D과제 SW QA Test 담당자 모집","기술지원백엔드/서버개발유지보수IT컨설팅QA/테스터 외","3 ~ 15년
학력무관","정규직
서울 서초구","입사지원
~ 04/17
"
"224","농협정보시스템","IT/웹/통신",3,"[(주)농협정보시스템] 정규직(신입,경력)/계약직 직원 채용","백엔드/서버개발앱개발웹개발정보보안DBA 외","신입 · 경력
학력무관","정규직 · 계약직
서울전체","홈페이지 지원
~ 04/11
"
"225","바디프랜드","제조/화학",3,"개발PM","백엔드/서버개발웹개발프론트엔드DBASE(시스템엔지니어) 외","6 ~ 10년
대학교(4년)↑","정규직
서울전체","입사지원
상시채용
"
"226","발란","유통/무역/운송",3,"프론트엔드 엔지니어 (3년 이상)","웹개발퍼블리셔프론트엔드반응형웹웹표준·웹접근성 외","3 ~ 10년
대학교(4년)↑","정규직
서울전체","입사지원
~ 04/19
"
"227","발란","유통/무역/운송",3,"데이터 엔지니어 (3년 이상)","백엔드/서버개발웹개발SE(시스템엔지니어)데이터마이닝데이터시각화 외","3 ~ 10년
대학교(4년)↑","정규직
서울전체","입사지원
~ 04/19
"
"228","발란","유통/무역/운송",3,"데이터 애널리스트 (5년 이상)","백엔드/서버개발웹개발SE(시스템엔지니어)데이터마이닝데이터시각화 외","5 ~ 15년
대학교(4년)↑","정규직
서울전체","입사지원
~ 04/19
"
"229","발란","유통/무역/운송",3,"보안 / 인프라 담당자","백엔드/서버개발보안컨설팅웹개발정보보안CISO 외","7 ~ 20년
대학교(4년)↑","정규직
서울전체","입사지원
~ 04/19
"
"230","발란","유통/무역/운송",3,"백엔드 엔지니어 (Node.js) (5년 이상)","백엔드/서버개발웹개발퍼블리셔프론트엔드DBA 외","5 ~ 15년
대학교(4년)↑","정규직
서울전체","입사지원
~ 04/19
"
"231","데상트코리아","유통/무역/운송",3,"각 부문별 경력사원 모집","IT컨설팅SE(시스템엔지니어)회계사재무기획재무회계 외","경력
대학(2,3년)↑","정규직
서울 송파구","홈페이지 지원
~ 04/30
"
"232","케이티디에스","IT/웹/통신",3,"[kt ds] 2022년 각 부문별 경력사원 수시채용","게임개발데이터분석가데이터엔지니어백엔드/서버개발보안컨설팅 외","경력
학력무관","정규직 · 계약직
서울 서초구","홈페이지 지원
~ 12/31
"
"233","드림시스","IT/웹/통신",3,"Oracle GoldenGate 개발자 모집","데이터분석가데이터엔지니어웹개발DBA딥러닝 외","신입 · 경력
대학(2,3년)↑","정규직
서울전체","입사지원
~ 05/06
"
"234","드림시스","IT/웹/통신",3,"리눅스 기반 Java 개발자","웹개발SE(시스템엔지니어)S/W.NETJava 외","신입 · 경력
대학(2,3년)↑","정규직
서울전체","입사지원
~ 05/06
"
"235","디에스앤텍","IT/웹/통신",3,"보안솔루션 구축 및 유지보수 엔지니어(신입-경력)","기술지원데이터엔지니어유지보수정보보안SE(시스템엔지니어) 외","신입 · 경력
학력무관","정규직 · 계약직
서울 강남구","입사지원
~ 04/15
"
"236","디에스앤텍","IT/웹/통신",3,"농협 상주 보안솔루션 유지보수 엔지니어","기술지원데이터엔지니어유지보수정보보안SE(시스템엔지니어) 외","2 ~ 6년
학력무관","정규직 · 계약직
서울 강남구","입사지원
~ 04/16
"
"237","먼슬리키친","IT/웹/통신",3,"디자인설계/기획설계.시공감리/&시설유지보수 경험자라면 먼키:D","건축디자인경관디자인공간디자인공공디자인실내디자인 외","경력 5년↑
학력무관","정규직 · 프리랜서
서울 강남구","채용 홈페이지
~ 04/12
"
"238","인피니트헬스케어","IT/웹/통신",3,"의료 소프트웨어 개발자 / 시스템엔지니어 모집","SE(시스템엔지니어)S/W기술지원네트워크빅데이터 외","경력무관
대학교(4년)↑","정규직
서울 구로구","입사지원
~ 04/12
"
"239","메쉬코리아","유통/무역/운송",2.9,"[메쉬코리아(부릉)] Software Development Engineer 채용","백엔드/서버개발웹개발Java알고리즘Windows 외","경력무관
대학교(4년)↑","정규직
서울 강남구","홈페이지 지원
상시채용
"
"240","메쉬코리아","유통/무역/운송",2.9,"[메쉬코리아(부릉)] Sr. 데이터 엔지니어 채용","빅데이터HadoopKafkaSpark","5 ~ 15년
학력무관","정규직
서울 강남구","홈페이지 지원
상시채용
"
"241","메쉬코리아","유통/무역/운송",2.9,"[메쉬코리아(부릉)] 데이터 엔지니어(전문연구요원 가능) 채용","데이터분석가빅데이터AWSHadoopJava 외","1 ~ 5년
학력무관","정규직 · 병역특례
서울 강남구","홈페이지 지원
~ 04/16
"
"242","메쉬코리아","유통/무역/운송",2.9,"[메쉬코리아(부릉)] Sr. 백엔드(Java) 엔지니어 채용","백엔드/서버개발웹개발Java모델링인프라 외","5 ~ 15년
학력무관","정규직
서울 강남구","홈페이지 지원
상시채용
"
"243","세스코","서비스업",2.9,"㈜세스코 생활가전 전자(펌웨어)개발 경력직 모집 (6년 이상)","임베디드펌웨어IoTMCU설계엔지니어 외","6 ~ 12년
대학교(4년)↑","정규직
서울 강동구","채용 홈페이지
~ 04/20
"
"244","세스코","서비스업",2.9,"㈜세스코 IT혁신 정보전략 담당자 모집 (3년 이상)","앱개발IT컨설팅SE(시스템엔지니어)SI개발S/W 외","3 ~ 8년
대학교(4년)↑","정규직
서울 강동구","채용 홈페이지
~ 04/19
"
"245","엔시큐어","IT/웹/통신",2.9,"전략사업본부 기술지원 엔지니어 모집","기술지원SE(시스템엔지니어)빅데이터CentOSElasticStack 외","신입 · 경력
학력무관","정규직
서울 용산구","입사지원
~ 04/23
"
"246","가온데이터","IT/웹/통신",2.9,"시스템 운영관리자(중급 이상), CM 배포 관리자 채용","백엔드/서버개발SE(시스템엔지니어)인프라H/WLinux","경력무관
대학(2,3년)↑","정규직 · 프리랜서
서울 서초구","입사지원
채용시
"
"247","가온데이터","IT/웹/통신",2.9,"Linux 시스템 운영관리자 채용(천안 초급)","백엔드/서버개발SE(시스템엔지니어)인프라H/WC++ 외","경력무관
대학(2,3년)↑","정규직 · 프리랜서
서울 영등포구","입사지원
채용시
"
"248","다비오","IT/웹/통신",2.9,"인공위성이미지 분석 딥러닝 엔지니어 팀장급 채용","데이터분석가딥러닝머신러닝블록체인빅데이터 외","5 ~ 15년
석사↑","정규직
서울전체","입사지원
상시채용
"
"249","다비오","IT/웹/통신",2.9,"백엔드 개발자(7년 이상)","백엔드/서버개발웹개발DBASE(시스템엔지니어)RDBMS 외","7 ~ 15년
학력무관","정규직
서울전체","입사지원
상시채용
"
"250","영림원소프트랩","IT/웹/통신",2.9,"(주)영림원소프트랩 2022 R&D Center 개발자 채용","웹개발빅데이터AI(인공지능)유지보수네트워크 외","경력무관
대학교(4년)↑","정규직
서울 강서구","입사지원
~ 04/22
"
"251","콤텍시스템","IT/웹/통신",2.9,"(주)콤텍시스템 가상화 및 클라우드 부문 모집 공고","클라우드기술지원인프라AWSAzure 외","신입 · 경력
대학교(4년)↑","정규직
서울 영등포구","입사지원
채용시
"
"252","풀무원","제조/화학",2.9,"풀무원 각 부문 경력사원 채용","데이터분석가데이터엔지니어백엔드/서버개발앱개발웹개발 외","경력
대학(2,3년)↑","정규직
서울 강남구","홈페이지 지원
~ 04/17
"
"253","인라이플","IT/웹/통신",2.9,"[주4.5일] 데이터 사이언티스트 (팀장급)","데이터분석가데이터엔지니어웹개발DBA딥러닝 외","8 ~ 10년
학력무관","정규직
서울전체","입사지원
~ 05/31
"
"254","인라이플","IT/웹/통신",2.9,"[주4.5일] 딥러닝 연구 개발자","데이터분석가웹개발프론트엔드SE(시스템엔지니어)딥러닝 외","신입 · 경력
학력무관","정규직
서울전체","입사지원
상시채용
"
"255","인라이플","IT/웹/통신",2.9,"[주4.5일] JAVA 백엔드 개발자","백엔드/서버개발웹개발프론트엔드DBASE(시스템엔지니어) 외","2 ~ 15년
학력무관","정규직
서울전체","입사지원
상시채용
"
"256","댄포스코리아","유통/무역/운송",2.9,"[댄포스코리아] Technical Support Engineer Drive(Marine)","기술엔지니어전기설계전기제어전기기사전기설비 외","경력 5년↑
대학교(4년)↑","정규직
서울 중구","홈페이지 지원
내일마감
"
"257","에스넷시스템","IT/웹/통신",2.9,"[기흥/화성&평택] Network엔지니어 (신입/경력 6년 이하)","IT컨설팅SE(시스템엔지니어)네트워크정보통신라우터 외","신입 · 경력
대학(2,3년)↑","정규직
서울 강남구","입사지원
~ 04/24
"
"258","에스넷시스템","IT/웹/통신",2.9,"[평택] Network엔지니어 (경력 2년 이상) 채용","IT컨설팅SE(시스템엔지니어)네트워크정보통신라우터 외","경력 2년↑
대학(2,3년)↑","정규직
서울 강남구","입사지원
내일마감
"
"259","키네마스터","IT/웹/통신",2.9,"백엔드 개발자","백엔드/서버개발웹개발프론트엔드DBASE(시스템엔지니어) 외","2 ~ 10년
학력무관","정규직
서울전체","입사지원
상시채용
"
"260","텔코웨어","IT/웹/통신",2.9,"BSS 시스템 PM/개발","백엔드/서버개발웹개발SE(시스템엔지니어)JavaKubernetes 외","3 ~ 12년
대학교(4년)↑","정규직
서울전체","입사지원
상시채용
"
"261","텔코웨어","IT/웹/통신",2.9,"운영관리 시스템 개발","웹개발SE(시스템엔지니어)블록체인인프라DevOps 외","6 ~ 12년
대학교(4년)↑","정규직
서울전체","입사지원
상시채용
"
"262","텔코웨어","IT/웹/통신",2.9,"기술지원 및 시험검증","기술지원SE(시스템엔지니어)네트워크Linux빅데이터 외","2 ~ 11년
대학(2,3년)↑","정규직
서울전체","입사지원
상시채용
"
"263","텔코웨어","IT/웹/통신",2.9,"[텔코웨어] 리눅스 기반 C개발자","SE(시스템엔지니어)네트워크인프라DevOpsS/W 외","4 ~ 12년
대학교(4년)↑","정규직
서울전체","입사지원
상시채용
"
"264","티유브이슈드코리아","제조/화학",2.9,"Consumer Product Certification Engineer 소비재 인증 엔지니어","기술영업인증심사원신소재유해화학물질품질검사원 외","경력 7년↑
대학교(4년)↑","정규직
서울 영등포구","홈페이지 지원
내일마감
"
"265","토마토시스템","IT/웹/통신",2.9,"[(주)토마토시스템] AI 빅데이터 부문 채용","기술지원데이터분석가데이터엔지니어백엔드/서버개발앱개발 외","신입 · 경력
학력무관","정규직
서울 강남구","입사지원
~ 04/25
"
"266","비알코리아","제조/화학",2.9,"[비알코리아] 각 부문 경력사원 모집","기술지원데이터분석가데이터엔지니어백엔드/서버개발보안컨설팅 외","경력
대학교(4년)↑","정규직
서울 서초구","홈페이지 지원
~ 04/18
"
"267","오픈베이스","IT/웹/통신",2.9,"보안엔지니어 신입/경력 수시채용","보안컨설팅정보보안네트워크방화벽IDC 외","신입 · 경력
대학(2,3년)↑","정규직
서울 서초구","입사지원
상시채용
"
"268","씨제이올리브네트웍스","IT/웹/통신",2.9,"PG/간편결제 백오피스 및 정산 시스템 개발","백엔드/서버개발웹개발퍼블리셔프론트엔드DBA 외","4 ~ 8년
대학교(4년)↑","정규직
서울전체","입사지원
상시채용
"
"269","씨제이올리브네트웍스","IT/웹/통신",2.9,"그룹연결재무/연결내부회계 운영/개발 담당자","웹개발SE(시스템엔지니어)인프라DevOpsJava 외","4 ~ 8년
대학교(4년)↑","정규직
서울전체","입사지원
상시채용
"
"270","씨제이올리브네트웍스","IT/웹/통신",2.9,"그룹 통합법무정보 시스템 운영/개발","웹개발프론트엔드DBASE(시스템엔지니어)인프라 외","8 ~ 12년
대학교(4년)↑","정규직
서울전체","입사지원
상시채용
"
"271","씨제이올리브네트웍스","IT/웹/통신",2.9,"푸드빌 SAP MM","SE(시스템엔지니어)인프라DevOpsSAPABAP 외","3 ~ 8년
대학교(4년)↑","정규직
서울전체","입사지원
상시채용
"
"272","씨제이올리브네트웍스","IT/웹/통신",2.9,"대한통운 해외 SAP-FI 운영","SE(시스템엔지니어)인프라DevOpsSAPABAP 외","5 ~ 12년
대학교(4년)↑","정규직
서울전체","입사지원
상시채용
"
"273","씨제이올리브네트웍스","IT/웹/통신",2.9,"대한통운 해외 SAP-CO 운영","SE(시스템엔지니어)인프라DevOpsABAP블록체인 외","5 ~ 12년
대학교(4년)↑","정규직
서울전체","입사지원
상시채용
"
"274","씨제이올리브네트웍스","IT/웹/통신",2.9,"SAP-FCM(FI/CO) 운영&개발","SE(시스템엔지니어)인프라DevOpsSAPABAP 외","7 ~ 12년
대학교(4년)↑","정규직
서울전체","입사지원
상시채용
"
"275","씨제이올리브네트웍스","IT/웹/통신",2.9,"물류 솔루션 개발 및 운영 전문가","웹개발프론트엔드DBASE(시스템엔지니어)인프라 외","5 ~ 12년
대학교(4년)↑","정규직
서울전체","입사지원
상시채용
"
"276","씨제이올리브네트웍스","IT/웹/통신",2.9,"HPC-AI 아키텍트","웹개발SE(시스템엔지니어)딥러닝머신러닝알고리즘 외","8 ~ 12년
대학교(4년)↑","정규직
서울전체","입사지원
상시채용
"
"277","씨제이올리브네트웍스","IT/웹/통신",2.9,"Data Science Engineer","데이터분석가데이터엔지니어백엔드/서버개발웹개발SE(시스템엔지니어) 외","5 ~ 15년
대학교(4년)↑","정규직
서울전체","입사지원
상시채용
"
"278","씨제이올리브네트웍스","IT/웹/통신",2.9,"미디어솔루션 PM/PL","SE(시스템엔지니어)인프라DevOpsPL(프로젝트리더)PM(프로젝트매니저) 외","7 ~ 12년
대학교(4년)↑","정규직
서울전체","입사지원
상시채용
"
"279","씨제이올리브네트웍스","IT/웹/통신",2.9,"스마트팩토리 사업 수행 (PM/PL/개발)","데이터분석가데이터엔지니어웹개발데이터마이닝데이터시각화 외","5 ~ 12년
대학교(4년)↑","정규직
서울전체","입사지원
상시채용
"
"280","한국이콜랩","제조/화학",2.9,"[외국계 화학] 각 부문 신입/경력 채용","백엔드/서버개발보안컨설팅유지보수정보보안네트워크 외","신입 · 경력
학력무관","정규직 · 계약직
서울 송파구","입사지원
~ 04/17
"
"281","미로","제조/화학",2.9,"(주)미로 전문연구요원(병역특례) 부문별 모집","데이터분석가빅데이터H/WIoTS/W 외","신입 · 경력
대학(2,3년)↑","정규직
인천 연수구","입사지원
~ 04/13
"
"282","틱톡","IT/웹/통신",2.9,"[TikTok] Content Moderator-Korea (Disability Hiring, 장애인 채용) 채용","데이터분석가데이터엔지니어QA/테스터데이터라벨링데이터마이닝 외","신입 · 경력
대학(2,3년)↑","정규직
서울 강남구","홈페이지 지원
~ 04/29
"
"283","틱톡","IT/웹/통신",2.9,"[TikTok] Search Operations Quality Assurance - Korean 채용","데이터분석가데이터엔지니어QA/테스터데이터라벨링데이터마이닝 외","신입 · 경력
대학교(4년)↑","정규직
서울 강남구","홈페이지 지원
~ 04/29
"
"284","틱톡","IT/웹/통신",2.9,"[TikTok] Content quality specialist 채용","데이터분석가데이터엔지니어QA/테스터데이터시각화사이트관리 외","경력
대학교(4년)↑","정규직
서울 강남구","홈페이지 지원
~ 04/16
"
"285","한일네트웍스","IT/웹/통신",2.9,"한일네트웍스 SE채용 추가모집(서울 충정로 근무)","SE(시스템엔지니어)네트워크인프라WindowsLinux 외","신입
대학(2,3년)↑","정규직 · 계약직
서울 마포구","입사지원
~ 04/13
"
"286","솔트룩스","IT/웹/통신",2.8,"AI 및 빅데이터 사업 수행/개발","데이터분석가데이터엔지니어웹개발프론트엔드SE(시스템엔지니어) 외","3 ~ 10년
대학(2,3년)↑","정규직
서울전체","입사지원
상시채용
"
"287","솔트룩스","IT/웹/통신",2.8,"시스템 엔지니어","백엔드/서버개발웹개발SE(시스템엔지니어)인프라클라우드 외","4 ~ 8년
대학(2,3년)↑","정규직
서울전체","입사지원
~ 04/30
"
"288","유비케어","IT/웹/통신",2.8,"윈도우 약국 서비스 경력 개발자","DBASE(시스템엔지니어)S/WWindowsC# 외","3 ~ 8년
대학(2,3년)↑","정규직
서울전체","입사지원
~ 04/15
"
"289","유비케어","IT/웹/통신",2.8,"데이터 플랫폼 웹 풀스택 경력 개발자","백엔드/서버개발웹개발퍼블리셔프론트엔드DBA 외","5 ~ 10년
대학(2,3년)↑","정규직
서울전체","입사지원
~ 04/15
"
"290","유비케어","IT/웹/통신",2.8,"시스템(서버) 관리","백엔드/서버개발웹개발DBASE(시스템엔지니어)Windows 외","3 ~ 5년
대학(2,3년)↑","정규직
서울전체","입사지원
~ 04/15
"
"291","유비케어","IT/웹/통신",2.8,"웹 풀스택 신입 개발자","백엔드/서버개발웹개발퍼블리셔프론트엔드SE(시스템엔지니어) 외","신입 · 경력
대학(2,3년)↑","정규직
서울전체","입사지원
~ 04/15
"
"292","셀바스에이아이","IT/웹/통신",2.8,"[셀바스AI] C++ 개발자 신입/경력 채용","앱개발SE(시스템엔지니어)미들웨어빅데이터임베디드 외","신입 · 경력
대학교(4년)↑","정규직
서울 금천구","채용 홈페이지
~ 05/01
"
"293","셀바스에이아이","IT/웹/통신",2.8,"데이터 엔지니어 개발자","백엔드/서버개발웹개발빅데이터C++C언어 외","5 ~ 8년
대학교(4년)↑","정규직
서울전체","입사지원
상시채용
"
"294","아이센스","의료/제약/복지",2.8,"(주)아이센스 2022년 상반기 신입 및 경력 수시채용","백엔드/서버개발웹개발유지보수퍼블리셔프론트엔드 외","신입 · 경력
학력무관","정규직
서울 서초구","홈페이지 지원
~ 05/01
"
"295","엔텔스","IT/웹/통신",2.8,"[IT상장사] (주)엔텔스 나주지점 엔지니어 정규직 채용","백엔드/서버개발웹개발프론트엔드네트워크C++ 외","신입 · 경력
학력무관","정규직
서울 강남구","입사지원
~ 04/17
"
"296","브레인즈컴퍼니","IT/웹/통신",2.8,"소프트웨어 엔지니어(전문연구요원, 신입 및 전직)","백엔드/서버개발웹개발퍼블리셔프론트엔드DBA 외","신입 · 경력
석사↑","정규직
서울전체","홈페이지 지원
~ 06/30
"
"297","어보브반도체","제조/화학",2.8,"어보브반도체 부문별 신입/경력직 채용","유지보수모델링IoTMCUS/W 외","신입 · 경력
대학교(4년)↑","정규직
서울 강남구","입사지원
~ 04/12
"
"298","넷앤드","IT/웹/통신",2.8,"제품 기획, QA, 엔지니어 및 인프라 개발 인력 채용","보안컨설팅유지보수정보보안IT컨설팅QA/테스터 외","경력무관
학력무관","정규직
서울 영등포구","입사지원
~ 04/30
"
"299","넷앤드","IT/웹/통신",2.8,"신규솔루션 개발(Java/JavaScript/React)신입/경력 채용","백엔드/서버개발웹개발프론트엔드SE(시스템엔지니어)Java 외","신입 · 경력
학력무관","정규직
서울 영등포구","입사지원
~ 04/30
"
"300","키움증권","은행/금융업",2.8,"리테일총괄본부 경력직 채용","데이터분석가데이터엔지니어DBA데이터라벨링데이터마이닝 외","경력
대학교(4년)↑","정규직
서울 영등포구","입사지원
채용시
"
"301","티몬","IT/웹/통신",2.8,"[티몬] 빅데이터 엔지니어","데이터마이닝딥러닝모델링빅데이터ETL 외","경력 3년↑
대학교(4년)↑","정규직
서울 강남구","입사지원
~ 04/29
"
"302","에스티에이테스팅컨설팅","IT/웹/통신",2.8,"SW테스트 컨설턴트 모집","백엔드/서버개발웹마스터유지보수GM(게임운영)IT컨설팅 외","경력 5년↑
대학교(4년)↑","정규직
서울 강남구","입사지원
~ 04/24
"
"303","효성아이티엑스","IT/웹/통신",2.8,"[효성ITX] 스마트팩토리 시스템 개발 운영자 신입/경력사원 모집","SE(시스템엔지니어)솔루션ASP.NETC#Java 외","신입 · 경력
학력무관","정규직
서울 영등포구","입사지원
~ 05/18
"
"304","맨파워코리아","서비스업",2.8,"[외국계] Sales Engineer 경력(소프트웨어)","기술영업IT영업연구원R&D","4 ~ 7년
대학교(4년)↑","정규직
서울 강남구","입사지원
~ 05/05
"
"305","리틀팍스","IT/웹/통신",2.7,"PHP 개발자 채용","백엔드/서버개발웹개발유지보수DBAQA/테스터 외","경력 5년↑
학력무관","정규직
서울 강남구","입사지원
채용시
"
"306","키스템프","서비스업",2.7,"[강남구] 이커머스기업 퍼포먼스마케터 경력직 채용(7년 이상)","데이터분석가데이터엔지니어데이터마이닝데이터시각화빅데이터 외","경력 7년↑
대학교(4년)↑","정규직
서울 강남구","입사지원
~ 04/17
"
"307","고영테크놀러지","제조/화학",2.7,"[고영테크놀러지] 각 부문별 경력사원 모집","웹개발정보보안DBMSDevOpsFPGA 외","경력
대학교(4년)↑","정규직 · 계약직
경기 용인시 수지구","입사지원
내일마감
"
"308","스카우트","IT/웹/통신",2.7,"Elastic Stack 전문가 (삼성계열 SW 전문기업)","데이터분석가머신러닝빅데이터AI(인공지능)Hadoop 외","경력 2년↑
대학교(4년)↑","정규직
서울 강남구","입사지원
채용시
"
"309","스카우트","IT/웹/통신",2.7,"[울산] 상장사 화학공장 생산관리 (경력5~10년)","생산관리공정엔지니어공정관리","5 ~ 10년
대학교(4년)↑","정규직
서울 강남구","입사지원
채용시
"
"310","스카우트","IT/웹/통신",2.7,"SSD 호환성/성능평가 엔지니어를 모십니다","불량분석SSD분석및평가","경력 1년↑
학력무관","정규직
서울 강남구","입사지원
~ 04/28
"
"311","스카우트","IT/웹/통신",2.7,"[코스닥 플랜트회사] 다분야 엔지니어채용","기술엔지니어플랜트설계배관설계산업플랜트공정설계 외","경력무관
대학교(4년)↑","정규직
서울 강남구","입사지원
~ 05/01
"
"312","스카우트","IT/웹/통신",2.7,"유명게임사 QA Engineer","데이터분석가QA/테스터데이터마이닝데이터시각화빅데이터 외","3 ~ 10년
대학교(4년)↑","정규직
서울 강남구","입사지원
~ 04/29
"
"313","에이스휴먼파워","서비스업",2.7,"[가산역/대기업/DB관리] 카카오맵 간단 사무 관리자 채용","기술지원데이터분석가데이터엔지니어백엔드/서버개발보안컨설팅 외","경력무관
고졸↑","파견직
서울 금천구","입사지원
~ 05/07
"
"314","에이스휴먼파워","서비스업",2.7,"[배달의민족 본사] 월요일 늦잠 잘 IT헬프데스크 직원 채용","기술지원보안컨설팅앱개발유지보수정보보안 외","경력무관
고졸↑","계약직 · 파견직
서울 송파구
240만원 이상 (면접 후 협의)","입사지원
상시채용
"
"315","에이스휴먼파워","서비스업",2.7,"[강남역/복리후생 우수] 엔픽셀 IT헬프데스크 직원 채용","게임개발기술지원보안컨설팅앱개발유지보수 외","경력무관
고졸↑","계약직 · 파견직
서울 강남구","입사지원
~ 04/22
"
"316","에이스휴먼파워","서비스업",2.7,"[본사] 한국평가데이터(KoDATA) 데이터가공/ 추출 (SQL, DBMS)","데이터분석가데이터엔지니어백엔드/서버개발웹개발프론트엔드 외","경력무관
대학교(4년)↑","계약직
서울 영등포구
333만원","입사지원
~ 04/16
"
"317","에이스휴먼파워","서비스업",2.7,"[동대문/복지우수] 무신사 스토어 시스템 관리자 채용","기술지원데이터분석가데이터엔지니어백엔드/서버개발웹개발 외","경력무관
고졸↑","계약직 · 파견직
서울 중구","입사지원
~ 04/15
"
"318","에프앤자산평가","IT/웹/통신",2.7,"각 부문별 정규직원 채용","네트워크클라우드AWSC#C++ 외","신입 · 경력
대학교(4년)↑","정규직
서울 강서구","입사지원
~ 04/17
"
"319","동아엘텍","제조/화학",2.7,"[㈜동아엘텍] 생산부문, 연구소(SW개발, HW설계) 신입/경력 채용","데이터분석가머신러닝빅데이터FPGAH/W 외","신입 · 경력
학력무관","정규직
경기 안양시 동안구","입사지원
~ 04/29
"
"320","엠토스솔루션스","IT/웹/통신",2.7,"시스템 모니터링 및 운영 관제 OP 직원 모집","백엔드/서버개발네트워크H/WC++","신입 · 경력
학력무관","정규직
서울 강남구","입사지원
~ 04/21
"
"321","힐티코리아","유통/무역/운송",2.7,"Industry Key Project Manager(근무지: 경기) 건설영업 채용","건설영업해외영업거래처영업영업고객관리","경력 3년↑
대학(2,3년)↑","정규직
서울 송파구","입사지원
~ 04/17
"
"322","에쓰씨케이","IT/웹/통신",2.7,"[SCK] Security 엔지니어 채용","기술지원보안컨설팅정보보안솔루션DLP 외","신입 · 경력
학력무관","정규직 · 인턴직
서울 강남구","입사지원
채용시
"
"323","희림종합건축사사무소","건설업",2.7,"부문채용(CM플랜트&클린룸/설계/유튜브/기획/VR/현장)","웹개발웹마스터퍼블리셔영상처리웹표준·웹접근성 외","신입 · 경력
학력무관","정규직 · 계약직
서울전체","입사지원
~ 04/20
"
"324","한국전자인증","IT/웹/통신",2.7,"V2X 보안인증 개발자(엔지니어)","웹개발DBASE(시스템엔지니어)인프라DevOps 외","3 ~ 7년
대학교(4년)↑","정규직
서울전체","입사지원
상시채용
"
"325","롯데정보통신","IT/웹/통신",2.7,"[롯데정보통신] Cloud","백엔드/서버개발웹개발SE(시스템엔지니어)데이터마이닝데이터시각화 외","2 ~ 20년
대학교(4년)↑","정규직
서울전체","입사지원
상시채용
"
"326","미소","IT/웹/통신",2.7,"[외국계 스타트업 미소] Sales Manager / Intern 채용","영업관리영업지원영업직판매직영업마케팅 외","신입 · 경력
학력무관","정규직 · 인턴직
서울 서초구","입사지원
~ 04/25
"
"327","드림어스컴퍼니","IT/웹/통신",2.7,"FLO 정보보호 담당자 채용","보안컨설팅정보보안SE(시스템엔지니어)솔루션인프라 외","경력 3년↑
학력무관","정규직
서울 서초구","홈페이지 지원
~ 04/30
"
"328","드림어스컴퍼니","IT/웹/통신",2.7,"FLO 서비스기획(Senior) 채용","데이터분석가데이터엔지니어백엔드/서버개발데이터라벨링데이터마이닝 외","경력 7년↑
학력무관","정규직
서울 서초구","홈페이지 지원
~ 04/30
"
"329","드림어스컴퍼니","IT/웹/통신",2.7,"[뮤직서비스FLO] DW/BI 담당자","데이터분석가데이터엔지니어백엔드/서버개발웹개발DBA 외","7 ~ 12년
학력무관","정규직
서울전체","입사지원
상시채용
"
"330","드림어스컴퍼니","IT/웹/통신",2.7,"[뮤직플랫폼 FLO] 데이터 엔지니어 (Python 백엔드 경력자)","데이터분석가백엔드/서버개발웹개발DBASE(시스템엔지니어) 외","2 ~ 5년
학력무관","정규직
서울전체","입사지원
상시채용
"
"331","케이티씨에스","IT/웹/통신",2.7,"2022년 상반기 경력직 채용","백엔드/서버개발웹개발유지보수정보보안SE(시스템엔지니어) 외","경력 2년↑
대학교(4년)↑","정규직
서울 강서구","홈페이지 지원
~ 04/20
"
"332","메가존","IT/웹/통신",2.7,"[메가존] 인프라 / 배포 / AA 경력자 채용","데이터분석가데이터엔지니어DBA데이터라벨링데이터마이닝 외","경력
학력무관","정규직
서울 강남구","입사지원
~ 06/30
"
"333","메가존","IT/웹/통신",2.7,"[메가존] 클라우드 네이티브 아키텍처 채용","데이터엔지니어보안컨설팅정보보안클라우드DevOps 외","경력무관
학력무관","정규직
서울 강남구","입사지원
~ 06/30
"
"334","메가존","IT/웹/통신",2.7,"[메가존] 데이터 사업 부문 개발자 경력 채용","백엔드/서버개발보안컨설팅웹개발IT컨설팅머신러닝 외","경력 3년↑
학력무관","정규직
서울 강남구","입사지원
~ 06/30
"
"335","베스핀글로벌","IT/웹/통신",2.7,"[구글] Analytics Engineer 영입","데이터분석가백엔드/서버개발네트워크빅데이터클라우드 외","경력 3년↑
학력무관","정규직
서울 서초구","홈페이지 지원
상시채용
"
"336","윕스","기관/협회",2.7,"(주)윕스 - IT분야 (AI,Data,데이터마이닝,웹기획,웹퍼블리셔) 신입/경력 모집","데이터분석가데이터엔지니어백엔드/서버개발퍼블리셔프론트엔드 외","신입 · 경력
대학(2,3년)↑","정규직
서울 마포구","입사지원
~ 04/11
"
"337","이글루시큐리티","IT/웹/통신",2.7,"보안솔루션 기술지원 엔지니어 신입 채용","기술지원유지보수정보보안SE(시스템엔지니어)솔루션 외","신입
대학(2,3년)↑","정규직
서울 송파구","입사지원
~ 05/08
"
"338","이글루시큐리티","IT/웹/통신",2.7,"사내 IT 네트워크 관리자","웹개발DBASE(시스템엔지니어)방화벽인프라 외","신입 · 경력
대학교(4년)↑","정규직
서울전체","입사지원
~ 04/14
"
"339","이글루시큐리티","IT/웹/통신",2.7,"서버/백엔드 개발자","데이터분석가데이터엔지니어백엔드/서버개발웹개발SE(시스템엔지니어) 외","4 ~ 20년
대학(2,3년)↑","정규직
서울전체","입사지원
~ 04/24
"
"340","이글루시큐리티","IT/웹/통신",2.7,"데이터 수집 개발자","데이터분석가데이터엔지니어보안컨설팅정보보안CISO 외","1 ~ 10년
학력무관","정규직
서울전체","입사지원
~ 04/24
"
"341","이글루시큐리티","IT/웹/통신",2.7,"AI 빅데이터 플랫폼 개발","데이터분석가데이터엔지니어웹개발SE(시스템엔지니어)검색엔진 외","3 ~ 10년
대학교(4년)↑","정규직
서울전체","입사지원
~ 04/24
"
"342","이글루시큐리티","IT/웹/통신",2.7,"Python 개발자","데이터분석가데이터엔지니어웹개발프론트엔드SE(시스템엔지니어) 외","3 ~ 10년
대학교(4년)↑","정규직
서울전체","입사지원
~ 04/24
"
"343","이글루시큐리티","IT/웹/통신",2.7,"JAVA 클라우드 개발자","백엔드/서버개발웹개발DBASE(시스템엔지니어)인프라 외","3 ~ 16년
대학(2,3년)↑","정규직
서울전체","입사지원
~ 04/24
"
"344","넷아이디","IT/웹/통신",2.7,"개발자,엔지니어 채용(청년내일채움공제 참여가능)","백엔드/서버개발웹마스터QA/테스터SE(시스템엔지니어)네트워크 외","신입 · 경력
대학(2,3년)↑","정규직
서울 강남구","입사지원
~ 04/27
"
"345","에스케이쉴더스","서비스업",2.7,"[SK쉴더스] Corporate Center DT운영팀 경력직 채용","데이터분석가데이터엔지니어백엔드/서버개발DBAIT컨설팅 외","경력 5년↑
대학교(4년)↑","정규직
서울 강남구","홈페이지 지원
~ 04/14
"
"346","에스케이쉴더스","서비스업",2.7,"[SK쉴더스] SAP시스템 회계 모듈 개발 경력직 채용","기술지원백엔드/서버개발앱개발웹개발유지보수 외","경력
대학교(4년)↑","정규직
서울 강남구","홈페이지 지원
~ 04/12
"
"347","알피니언메디칼시스템","제조/화학",2.7,"[일진그룹]초음파 의료기기 SW개발(Windows, C++, C#) 대리-차장","데이터분석가머신러닝빅데이터APIS/W 외","3 ~ 15년
대학교(4년)↑","정규직
경기 안양시 동안구","입사지원
~ 04/27
"
"348","이포즌","IT/웹/통신",2.7,"[개발팀] 자사 솔루션 개발 프론트엔드 채용","웹개발퍼블리셔프론트엔드DBASE(시스템엔지니어) 외","3 ~ 15년
대학교(4년)↑","정규직
서울전체","입사지원
상시채용
"
"349","이포즌","IT/웹/통신",2.7,"[개발팀] 자사 솔루션 개발 백엔드 채용","백엔드/서버개발웹개발프론트엔드DBASE(시스템엔지니어) 외","3 ~ 15년
대학교(4년)↑","정규직
서울전체","입사지원
상시채용
"
"350","이포즌","IT/웹/통신",2.7,"[개발팀] 자사 솔루션 개발 백엔드 팀장 채용","백엔드/서버개발웹개발프론트엔드DBASE(시스템엔지니어) 외","10 ~ 20년
대학교(4년)↑","정규직
서울전체","입사지원
상시채용
"
"351","대교씨엔에스","IT/웹/통신",2.6,"[㈜대교CNS] 정보기술연구소(DevOps 엔지니어) 경력직 채용","데이터엔지니어백엔드/서버개발앱개발웹개발유지보수 외","경력 3년↑
대학(2,3년)↑","정규직
서울 관악구","입사지원
~ 04/15
"
"352","대교씨엔에스","IT/웹/통신",2.6,"[㈜대교CNS] 전략사업본부 신입/경력직 채용","데이터엔지니어백엔드/서버개발앱개발웹개발유지보수 외","신입 · 경력
대학(2,3년)↑","정규직
서울 관악구","입사지원
~ 04/15
"
"353","에이치엔아이엔씨","IT/웹/통신",2.6,"HN (舊현대BS&C 주식회사) [ IT부문 ] 신입/경력 채용","기술지원데이터분석가데이터엔지니어백엔드/서버개발앱개발 외","신입 · 경력
학력무관","정규직 · 계약직
서울 중구","입사지원
~ 04/13
"
"354","파고다아카데미","교육업",2.6,"어학원 시스템 Java 개발(5년 이상)","백엔드/서버개발웹개발퍼블리셔프론트엔드DBA 외","5 ~ 8년
학력무관","정규직
서울전체","입사지원
상시채용
"
"355","파고다아카데미","교육업",2.6,"어학원 시스템 개발(2~3년 이상)","백엔드/서버개발웹개발퍼블리셔프론트엔드DBA 외","2 ~ 5년
학력무관","정규직
서울전체","입사지원
상시채용
"
"356","비올","제조/화학",2.6,"[코스닥상장사] 2022년 상반기 각 부문별 공개채용","임베디드H/WMCUS/WC++ 외","신입 · 경력
고졸↑","정규직
경기 성남시 분당구","입사지원
~ 04/30
"
"357","이마트에브리데이","유통/무역/운송",2.6,"이마트에브리데이 경력사원 채용","기술지원데이터분석가데이터엔지니어백엔드/서버개발앱개발 외","경력
대학교(4년)↑","정규직
서울 성동구","홈페이지 지원
~ 04/11
"
"358","메가존클라우드","IT/웹/통신",2.6,"Cloud DevOps","백엔드/서버개발웹개발SE(시스템엔지니어)인프라DevOps 외","1 ~ 15년
학력무관","정규직
서울전체","입사지원
상시채용
"
"359","메가존클라우드","IT/웹/통신",2.6,"Naver Managed Service","백엔드/서버개발웹개발SE(시스템엔지니어)블록체인인프라 외","1 ~ 15년
학력무관","정규직
서울전체","입사지원
상시채용
"
"360","메가존클라우드","IT/웹/통신",2.6,"GCP Managed Service","백엔드/서버개발웹개발SE(시스템엔지니어)블록체인인프라 외","1 ~ 15년
학력무관","정규직
서울전체","입사지원
상시채용
"
"361","메가존클라우드","IT/웹/통신",2.6,"Front End Web Development Engineer","웹개발퍼블리셔프론트엔드반응형웹웹표준·웹접근성 외","1 ~ 15년
학력무관","정규직
서울전체","입사지원
상시채용
"
"362","메가존클라우드","IT/웹/통신",2.6,"Hybrid & AI 채용(Developer/SA/기획/웹디자인/KT Cloud)","백엔드/서버개발프론트엔드네트워크딥러닝아키텍쳐 외","경력무관
학력무관","정규직
서울 강남구","입사지원
~ 06/30
"
"363","메가존클라우드","IT/웹/통신",2.6,"[메가존클라우드] Cloud Mass Migration(DBA/SA/AA/Presales)","인프라클라우드APMOracleDBPostgreSQL 외","경력
학력무관","정규직
서울 강남구","입사지원
~ 06/30
"
"364","메가존클라우드","IT/웹/통신",2.6,"[메가존클라우드] Cloud Technology 부문","게임개발보안컨설팅앱개발정보보안GM(게임운영) 외","경력무관
학력무관","정규직
서울 강남구","입사지원
~ 06/30
"
"365","메가존클라우드","IT/웹/통신",2.6,"[메가존클라우드] Security business 부문 채용 (SA/Presales/Sales)","기술지원보안컨설팅정보보안솔루션클라우드 외","경력
학력무관","정규직
서울 강남구","입사지원
~ 06/30
"
"366","메가존클라우드","IT/웹/통신",2.6,"[메가존클라우드] Sales & Marketing 채용","보안컨설팅정보보안IT컨설팅SE(시스템엔지니어)영상처리 외","경력무관
학력무관","정규직 · 인턴직
서울 강남구","입사지원
~ 06/30
"
"367","메가존클라우드","IT/웹/통신",2.6,"[메가존클라우드] Cloud Technical Support Engineer (AWS/Azure/GCP)","기술지원클라우드WindowsAWSAzure 외","경력무관
학력무관","정규직
서울 강남구","입사지원
~ 06/30
"
"368","메가존클라우드","IT/웹/통신",2.6,"[메가존클라우드] Pre-Sales & Consulting 채용","백엔드/서버개발보안컨설팅웹개발웹마스터프론트엔드 외","경력무관
학력무관","정규직
서울 강남구","입사지원
~ 06/30
"
"369","메가존클라우드","IT/웹/통신",2.6,"[메가존클라우드] Developer & Designer 채용","백엔드/서버개발앱개발웹개발웹마스터유지보수 외","경력무관
학력무관","정규직
서울 강남구","입사지원
~ 06/30
"
"370","메가존클라우드","IT/웹/통신",2.6,"[메가존클라우드] Technical Management 채용","기술지원데이터분석가데이터엔지니어백엔드/서버개발보안컨설팅 외","경력무관
학력무관","정규직
서울 강남구","입사지원
~ 06/30
"
"371","메가존클라우드","IT/웹/통신",2.6,"[메가존클라우드]시스템운영 (AWS/Azure/GCP/NCP/DevOps/모니터링)","기술지원유지보수SE(시스템엔지니어)DevOpsWindows 외","경력무관
학력무관","정규직
서울 강남구","입사지원
~ 06/30
"
"372","메가존클라우드","IT/웹/통신",2.6,"[메가존클라우드] Engineer 채용","데이터분석가보안컨설팅앱개발웹개발웹마스터 외","경력무관
학력무관","정규직
서울 강남구","입사지원
~ 06/30
"
"373","메가존클라우드","IT/웹/통신",2.6,"[메가존클라우드] Solution Architect 채용","백엔드/서버개발보안컨설팅웹개발웹마스터정보보안 외","경력무관
학력무관","정규직 · 파견직
서울 강남구","입사지원
~ 06/30
"
"374","메가존클라우드","IT/웹/통신",2.6,"[메가존클라우드] Salesforce 부문 채용","데이터분석가보안컨설팅IT컨설팅SE(시스템엔지니어)클라우드 외","경력무관
학력무관","정규직
서울 강남구","입사지원
~ 06/30
"
"375","메가존클라우드","IT/웹/통신",2.6,"[메가존클라우드] Tanzu Technical Engineer 채용(신입/경력)","데이터엔지니어앱개발SE(시스템엔지니어)클라우드VMware 외","경력무관
학력무관","정규직
서울 강남구","입사지원
~ 06/30
"
"376","유엘코리아","제조/화학",2.6,"소방/방재분야 안전인증 엔지니어 채용 (감지기 분야)","QAQC자동제어QC전기설계 외","5 ~ 10년
대학교(4년)↑","정규직
서울 강남구","채용 홈페이지
오늘마감
"
"377","인터파크","유통/무역/운송",2.6,"[인터파크] 시스템 운영 담당자","SE(시스템엔지니어)인프라트러블슈팅Windows.NET 외","5 ~ 15년
학력무관","정규직
서울 강남구","홈페이지 지원
상시채용
"
"378","인터파크","유통/무역/운송",2.6,"시스템 운영 담당자","웹개발프론트엔드SE(시스템엔지니어)네트워크인프라 외","5 ~ 15년
학력무관","정규직
서울전체","입사지원
상시채용
"
"379","인터파크","유통/무역/운송",2.6,"Devops 엔지니어","백엔드/서버개발웹개발SE(시스템엔지니어)WindowsAWS 외","3 ~ 9년
학력무관","정규직
서울 강남구","입사지원
상시채용
"
"380","인터파크","유통/무역/운송",2.6,"시스템 개발자(java)","백엔드/서버개발웹개발프론트엔드SE(시스템엔지니어)Java 외","3 ~ 8년
학력무관","정규직
서울 강남구","입사지원
상시채용
"
"381","루트로닉","제조/화학",2.6,"[코스닥] IT 보안팀 채용 (경력 3~15년)","데이터분석가데이터엔지니어백엔드/서버개발보안컨설팅유지보수 외","경력 7년↑
대학(2,3년)↑","정규직
경기 고양시 덕양구","입사지원
~ 04/22
"
"382","이모션글로벌","IT/웹/통신",2.6,"Back-end 개발자 채용","백엔드/서버개발웹개발SE(시스템엔지니어).NETASP 외","3 ~ 10년
학력무관","정규직
서울 강남구","입사지원
상시채용
"
"383","우진산전","제조/화학",2.6,"㈜우진산전 각 부문 신입 및 경력 채용","SE(시스템엔지니어)데이터마이닝C++C언어CSS 외","신입 · 경력
고졸↑","정규직 · 계약직
충북 청주시","입사지원
내일마감
"
"384","빗썸코리아","IT/웹/통신",2.6,"[빗썸] 데이터 엔지니어(DW)","SE(시스템엔지니어)데이터마이닝데이터시각화빅데이터DW 외","5 ~ 8년
대학교(4년)↑","정규직
서울전체","입사지원
~ 04/30
"
"385","이테크시스템","IT/웹/통신",2.6,"Cisco 네트워크 엔지니어 채용","기술지원네트워크R","경력무관
대학(2,3년)↑","정규직
서울 중구","채용 홈페이지
~ 05/07
"
"386","트랜스코스모스코리아","서비스업",2.6,"MS Office365 기업대상 기술지원(전화/원격/메일) 채용 MGe9","IT컨설팅SE(시스템엔지니어)네트워크방화벽빅데이터 외","경력무관
학력무관","정규직
서울 중구","입사지원
~ 04/11
"
"387","트랜스코스모스코리아","서비스업",2.6,"당사 RPA 개발 및 엔지니어 채용 MLa8","기술지원데이터분석가유지보수SI개발빅데이터 외","경력무관
학력무관","정규직
서울 용산구","입사지원
~ 04/11
"
"388","트랜스코스모스코리아","서비스업",2.6,"당사 RPA 개발 및 엔지니어 채용 7La8","기술지원데이터분석가유지보수프론트엔드DBA 외","경력무관
학력무관","정규직
서울 용산구","입사지원
~ 04/17
"
"389","마크애니","IT/웹/통신",2.6,"블록체인사업부 필드엔지니어","백엔드/서버개발웹개발프론트엔드반응형웹웹표준·웹접근성 외","3 ~ 15년
학력무관","정규직
서울전체","입사지원
상시채용
"
"390","키즈룹","IT/웹/통신",2.6,"[Global EdTech] Head of Engineering, APAC","데이터엔지니어클라우드S/WRestAPIAWS 외","경력 7년↑
대학교(4년)↑","정규직
서울 강남구","홈페이지 지원
~ 04/28
"
"391","솔로몬텍","IT/웹/통신",2.6,"[솔로몬텍] 본사/해외 IT인재 대규모 채용","데이터엔지니어백엔드/서버개발보안컨설팅웹개발유지보수 외","신입 · 경력
학력무관","정규직
서울 영등포구","입사지원
~ 04/14
"
"392","오에스비저축은행","은행/금융업",2.6,"㈜OSB저축은행 IT부문 신입/경력 채용","데이터분석가데이터엔지니어백엔드/서버개발앱개발웹개발 외","신입 · 경력
학력무관","정규직
서울 서초구","입사지원
~ 04/14
"
"393","파오스파트너스","IT/웹/통신",2.6,"(주)파오스파트너스 공채 채용-DB구축,DB관리","데이터분석가데이터엔지니어빅데이터통계/분석데이터분석 외","경력무관
대학(2,3년)↑","정규직
서울 용산구","입사지원
~ 05/04
"
"394","이투스교육","교육업",2.6,"[이투스교육] IT본부 경력직 채용","백엔드/서버개발앱개발웹개발유지보수프론트엔드 외","신입 · 경력
대학교(4년)↑","정규직 · 계약직
서울 서초구","입사지원
~ 04/30
"
"395","이투스교육","교육업",2.6,"[이투스교육] System Engineer","백엔드/서버개발웹개발DBASE(시스템엔지니어)인프라 외","1 ~ 20년
학력무관","정규직
서울전체","입사지원
상시채용
"
"396","한국전자금융","서비스업",2.6,"한국전자금융(주) 상반기 각 부문 신입/경력 직원 채용","앱개발웹개발유지보수정보보안DBA 외","신입 · 경력
고졸↑","계약직
서울 강남구","홈페이지 지원
~ 04/30
"
"397","오스템임플란트","제조/화학",2.6,"오스템임플란트 [R&D] 부문 채용","데이터엔지니어백엔드/서버개발보안컨설팅정보보안SE(시스템엔지니어) 외","신입 · 경력
대학교(4년)↑","정규직 · 계약직
서울 강서구","홈페이지 지원
~ 04/17
"
"398","오스템임플란트","제조/화학",2.6,"오스템임플란트 [인테리어/디자인] 부문 채용","데이터엔지니어백엔드/서버개발보안컨설팅정보보안SE(시스템엔지니어) 외","신입 · 경력
대학교(4년)↑","정규직 · 계약직
서울 강서구","홈페이지 지원
~ 04/17
"
"399","오스템임플란트","제조/화학",2.6,"오스템임플란트 [IT/SW] 부문 채용","데이터분석가백엔드/서버개발보안컨설팅유지보수정보보안 외","신입 · 경력
대학교(4년)↑","정규직 · 계약직
서울 강서구","홈페이지 지원
~ 04/17
"
"400","피플라이프","은행/금융업",2.6,"피플라이프(주) 정규직 채용공고","데이터분석가데이터엔지니어백엔드/서버개발앱개발웹개발 외","신입 · 경력
학력무관","정규직
서울 동작구","입사지원
~ 04/14
"
"401","피플라이프","은행/금융업",2.6,"데이터엔지니어 경력","데이터엔지니어백엔드/서버개발웹개발DBASE(시스템엔지니어) 외","4 ~ 10년
학력무관","정규직
서울전체","입사지원
상시채용
"
"402","써머스플랫폼","IT/웹/통신",2.6,"[에누리가격비교] 써머스플랫폼 검색개발 경력직 모집","백엔드/서버개발웹개발프론트엔드SE(시스템엔지니어)검색엔진 외","3 ~ 10년
대학교(4년)↑","정규직
서울전체","입사지원
상시채용
"
"403","써머스플랫폼","IT/웹/통신",2.6,"[에누리가격비교] 써머스플랫폼 웹개발자 모집","웹개발퍼블리셔프론트엔드DBASE(시스템엔지니어) 외","2 ~ 7년
대학교(4년)↑","정규직
서울전체","입사지원
상시채용
"
"404","써머스플랫폼","IT/웹/통신",2.6,"[에누리가격비교] 써머스플랫폼 Back-end 개발","백엔드/서버개발웹개발프론트엔드SE(시스템엔지니어)ECMAScript 외","3 ~ 10년
대학교(4년)↑","정규직
서울전체","입사지원
상시채용
"
"405","써머스플랫폼","IT/웹/통신",2.6,"[스마트택배] 스윗트래커CIC 인프라 담당 채용","백엔드/서버개발보안컨설팅웹개발정보보안CISO 외","2 ~ 8년
학력무관","정규직
서울전체","입사지원
상시채용
"
"406","제이펀","미디어/디자인",2.6,"2022 ㈜제이펀 개발자 & UI/UX 디자이너 공개 채용","데이터분석가데이터엔지니어백엔드/서버개발앱개발웹개발 외","경력 2년↑
학력무관","정규직
서울 금천구","입사지원
~ 04/14
"
"407","지에스아이티엠","IT/웹/통신",2.6,"[GS ITM] 빅데이터 플랫폼 설계 및 구축 경력사원 모집","데이터분석가데이터엔지니어백엔드/서버개발웹개발프론트엔드 외","5 ~ 7년
학력무관","정규직
서울전체","입사지원
상시채용
"
"408","존스랑라살","건설업",2.6,"[JLL] 디지털 통합 관리자 - 대리과장급","기술지원데이터분석가데이터엔지니어백엔드/서버개발웹개발 외","경력 5년↑
대학교(4년)↑","정규직
서울 영등포구","입사지원
~ 05/08
"
"409","신한디에스","IT/웹/통신",2.6,"2022년 신한DS 전 포지션 경력직 수시채용","기술지원데이터분석가데이터엔지니어백엔드/서버개발보안컨설팅 외","경력
학력무관","정규직 · 계약직
서울 중구","홈페이지 지원
~ 04/30
"
"410","위메프","IT/웹/통신",2.6,"[위메프서비스] 시스템 엔지니어","IT컨설팅SE(시스템엔지니어)네트워크AWSLinux 외","경력 1년↑
학력무관","정규직
서울 강남구","홈페이지 지원
~ 05/10
"
"411","위메프","IT/웹/통신",2.6,"[위메프서비스] Data Lake 팀장급","HadoopMongoDBSpark데이터엔지니어빅데이터 외","10 ~ 20년
학력무관","정규직
서울 강남구","홈페이지 지원
~ 05/04
"
"412","위메프","IT/웹/통신",2.6,"[위메프서비스] E-Commerce 데이터엔지니어/NLP개발자","NLP(자연어처리)HadoopJavaPythonSpark 외","경력 3년↑
학력무관","정규직
서울 강남구","홈페이지 지원
~ 04/26
"
"413","위메프","IT/웹/통신",2.6,"[위메프] AWS 플랫폼 보안 담당자","백엔드/서버개발정보보안네트워크AWS클라우드 외","경력 3년↑
학력무관","정규직
서울 강남구","홈페이지 지원
~ 04/22
"
"414","위메프","IT/웹/통신",2.6,"[위메프서비스] Sr. DevOps Engineer","SE(시스템엔지니어)빅데이터클라우드Unix인프라 외","경력 10년↑
학력무관","정규직
서울 강남구","홈페이지 지원
~ 04/22
"
"415","위메프","IT/웹/통신",2.6,"[위메프] 신규서비스 ML엔지니어","딥러닝머신러닝NLP(자연어처리)AI(인공지능)MySQL 외","경력 2년↑
학력무관","정규직
서울 강남구","홈페이지 지원
~ 04/21
"
"416","위메프","IT/웹/통신",2.6,"[위메프서비스] CI/CD 엔지니어","웹개발JavaLinuxPythonUnix 외","경력 1년↑
학력무관","정규직
서울 강남구","홈페이지 지원
~ 04/20
"
"417","위메프","IT/웹/통신",2.6,"[위메프서비스] NoSQL 데이터베이스 엔지니어","NoSQL스크립트DBMSRDBMSLinux 외","경력 2년↑
학력무관","정규직
서울 강남구","홈페이지 지원
~ 04/12
"
"418","위메프","IT/웹/통신",2.6,"[위메프서비스] DW Data Engineer","DWETLHadoopMySQLR 외","경력 3년↑
학력무관","정규직
서울 강남구","홈페이지 지원
~ 04/14
"
"419","위메프","IT/웹/통신",2.6,"[위메프] 보안진단 엔지니어","보안컨설팅정보보안모의해킹취약점진단ISMS 외","경력 2년↑
학력무관","정규직
서울 강남구","홈페이지 지원
~ 04/14
"
"420","위메프","IT/웹/통신",2.6,"[버티컬서비스] 백엔드 개발자","백엔드/서버개발웹개발프론트엔드DBASE(시스템엔지니어) 외","3 ~ 20년
학력무관","정규직
서울전체","입사지원
상시채용
"
"421","메가스터디교육","교육업",2.6,"[메가스터디교육] 입시 데이터 파트 신입/경력 채용","데이터분석가데이터엔지니어데이터시각화빅데이터Python 외","경력무관
대학교(4년)↑","정규직
서울 서초구","입사지원
~ 04/24
"
"422","대신저축은행","은행/금융업",2.5,"2022년 신입사원 채용 모집요강","기술지원데이터엔지니어백엔드/서버개발앱개발웹개발 외","신입
대학교(4년)↑","계약직
서울 강남구","홈페이지 지원
~ 04/17
"
"423","인탑스","제조/화학",2.5,"인탑스(주) 경력사원 모집 (IT/개발/설계/경영지원)","기술지원유지보수ERP기술엔지니어제품설계 외","경력 1년↑
대학교(4년)↑","정규직
경기 안양시 만안구","입사지원
~ 04/15
"
"424","퀴네앤드나겔","유통/무역/운송",2.5,"[외국계 기업] 신입/경력 채용","기술지원백엔드/서버개발보안컨설팅유지보수정보보안 외","신입 · 경력
대학교(4년)↑","정규직 · 계약직
서울 마포구","입사지원
내일마감
"
"425","동훈아이텍","IT/웹/통신",2.5,"(주)동훈아이텍 전략사업부 기술보안 엔지니어 경력,신입 모집","정보보안네트워크머신러닝빅데이터클라우드 외","경력무관
대학(2,3년)↑","정규직
서울 강남구","입사지원
내일마감
"
"426","유비벨록스","IT/웹/통신",2.5,"유비벨록스 상반기 개발자 인원 모집","백엔드/서버개발앱개발웹개발프론트엔드SE(시스템엔지니어) 외","신입 · 경력
고졸↑","정규직
서울 구로구","입사지원
~ 05/09
"
"427","네오메카","IT/웹/통신",2.5,"시스템엔지니어 신입 및 경력사원 모집","기술지원데이터엔지니어유지보수정보보안SE(시스템엔지니어) 외","경력무관
대학(2,3년)↑","정규직
서울 강남구
3,400만원","입사지원
~ 04/30
"
"428","대성산업","유통/무역/운송",2.5,"대성산업(주) 2022년도 상반기 각 부문별 수시채용(신입/경력)","기술지원데이터엔지니어백엔드/서버개발유지보수SI개발 외","신입 · 경력
고졸↑","정규직 · 계약직
서울 구로구","홈페이지 지원
내일마감
"
"429","원더피플","유통/무역/운송",2.5,"[원더피플]보안플랫폼실[Anti-Cheat]운영담당자 모집(신입/경력)","데이터분석가데이터엔지니어보안컨설팅정보보안데이터시각화 외","신입 · 경력
학력무관","정규직
서울 강남구","입사지원
~ 06/03
"
"430","원더피플","유통/무역/운송",2.5,"슈퍼피플 플랫폼 서버 개발자 모집","백엔드/서버개발SE(시스템엔지니어)네트워크AWSNoSQL 외","경력 3년↑
학력무관","정규직
서울 강남구","입사지원
~ 05/03
"
"431","원더피플","유통/무역/운송",2.5,"[원더피플]데이터랩팀 데이터엔지니어(DBA) 모집","데이터엔지니어DBA데이터마이닝JavaMySQL 외","경력 3년↑
학력무관","정규직
서울 강남구","입사지원
~ 04/11
"
"432","원더피플","유통/무역/운송",2.5,"[원더피플]데이터랩팀 데이터엔지니어 모집","데이터엔지니어DBA데이터마이닝JavaMySQL 외","경력 3년↑
학력무관","정규직
서울 강남구","입사지원
~ 04/11
"
"433","원더피플","유통/무역/운송",2.5,"[원더피플]보안분석팀[Anti-Cheat] Data Analyst 모집","데이터분석가데이터엔지니어보안컨설팅정보보안데이터시각화 외","신입 · 경력
학력무관","정규직
서울 강남구","입사지원
내일마감
"
"434","원더피플","유통/무역/운송",2.5,"[원더피플]보안분석팀 [Anti-Cheat] Reverse Engineer 모집","데이터엔지니어보안컨설팅정보보안모의해킹취약점진단 외","경력 3년↑
학력무관","정규직
서울 강남구","입사지원
내일마감
"
"435","원더피플","유통/무역/운송",2.5,"[원더피플]보안분석팀[Anti-Cheat] Data Scientist 모집","데이터엔지니어보안컨설팅정보보안딥러닝머신러닝 외","신입 · 경력
학력무관","정규직
서울 강남구","입사지원
내일마감
"
"436","코난테크놀로지","IT/웹/통신",2.5,"솔루션 구축개발","웹개발프론트엔드SE(시스템엔지니어)인프라DevOps 외","6 ~ 9년
대학교(4년)↑","정규직
서울전체","입사지원
상시채용
"
"437","코난테크놀로지","IT/웹/통신",2.5,"솔루션/서비스 개발 팀장급 모집","백엔드/서버개발웹개발퍼블리셔프론트엔드SE(시스템엔지니어) 외","10 ~ 15년
대학교(4년)↑","정규직
서울전체","입사지원
상시채용
"
"438","코난테크놀로지","IT/웹/통신",2.5,"PM(분석 솔루션)","웹개발프론트엔드SE(시스템엔지니어)ECMAScriptJava 외","6 ~ 9년
대학교(4년)↑","정규직
서울전체","입사지원
상시채용
"
"439","코난테크놀로지","IT/웹/통신",2.5,"ML Modeling & Physics Simulation","데이터분석가SE(시스템엔지니어)딥러닝머신러닝블록체인 외","1 ~ 15년
대학교(4년)↑","정규직
서울전체","입사지원
상시채용
"
"440","대성산업","유통/무역/운송",2.5,"대성산업(주) 2022년도 상반기 각 부문별 수시채용(신입/경력)","기술지원데이터엔지니어백엔드/서버개발유지보수SI개발 외","신입 · 경력
고졸↑","정규직 · 계약직
서울 구로구","홈페이지 지원
내일마감
"
"441","어드밴텍케이알","IT/웹/통신",2.5,"어드밴텍케이알㈜ 신입/경력/인턴사원 모집","기술지원웹개발웹마스터DBA네트워크 외","신입 · 경력
학력무관","정규직 · 병역특례
서울 강서구","입사지원
내일마감
"
"442","콘센트릭스서비스코리아","IT/웹/통신",2.5,"[글로벌디지털마케팅] 컨텐츠 모니터링 개발자 모집","데이터분석가데이터엔지니어백엔드/서버개발웹개발SE(시스템엔지니어) 외","5 ~ 15년
대학교(4년)↑","정규직
서울전체","입사지원
상시채용
"
"443","콘센트릭스서비스코리아","IT/웹/통신",2.5,"CRM 운영 데이터 분석","백엔드/서버개발웹개발SE(시스템엔지니어)데이터마이닝데이터시각화 외","2 ~ 6년
대학교(4년)↑","정규직
서울전체","입사지원
상시채용
"
"444","콘센트릭스서비스코리아","IT/웹/통신",2.5,"[글로벌디지털마케팅] ML 모델링 통합 데이터분석","백엔드/서버개발웹개발SE(시스템엔지니어)데이터마이닝데이터시각화 외","5 ~ 15년
대학교(4년)↑","정규직
서울전체","입사지원
상시채용
"
"445","콘센트릭스서비스코리아","IT/웹/통신",2.5,"[글로벌디지털마케팅] 컨텐츠 모니터링 분석","데이터분석가데이터엔지니어데이터시각화빅데이터머신러닝 외","8 ~ 15년
대학교(4년)↑","정규직
서울 용산구","입사지원
채용시
"
"446","콘센트릭스서비스코리아","IT/웹/통신",2.5,"[글로벌디지털마케팅] Data Scientist 경력 채용 (정규직)","데이터분석가데이터엔지니어데이터시각화빅데이터머신러닝 외","2 ~ 15년
대학교(4년)↑","정규직
서울 강남구","입사지원
채용시
"
"447","콘센트릭스서비스코리아","IT/웹/통신",2.5,"[글로벌디지털마케팅] 데이터 분석(Data Analyst) 각 분야 채용","데이터분석가머신러닝빅데이터PythonR 외","경력 1년↑
대학교(4년)↑","정규직
서울 강남구","입사지원
상시채용
"
"448","콘센트릭스서비스코리아","IT/웹/통신",2.5,"데이터 엔지니어","백엔드/서버개발웹개발SE(시스템엔지니어)데이터마이닝데이터시각화 외","2 ~ 12년
대학교(4년)↑","정규직
서울전체","입사지원
상시채용
"
"449","콘센트릭스서비스코리아","IT/웹/통신",2.5,"BigQuery / GCP 컨설턴트","백엔드/서버개발웹개발SE(시스템엔지니어)데이터마이닝데이터시각화 외","2 ~ 10년
학력무관","정규직
서울전체","입사지원
상시채용
"
"450","더맘마","유통/무역/운송",2.5,"[(주)더맘마] 빅데이터 분석&설계 / 데이터베이스 채용 (경력)","데이터분석가데이터엔지니어백엔드/서버개발DBASE(시스템엔지니어) 외","경력 2년↑
대학교(4년)↑","정규직
서울 강서구","입사지원
~ 04/30
"
"451","핌아시아","유통/무역/운송",2.5,"[핌아시아 떠리몰] 이커머스 개발자 주임/대리/과장 채용","데이터분석가데이터엔지니어백엔드/서버개발앱개발웹개발 외","경력 1년↑
학력무관","정규직
서울 강남구","입사지원
~ 05/30
"
"452","더이앤엠","IT/웹/통신",2.5,"2022년 각 부문 신입/경력 채용","데이터분석가백엔드/서버개발보안컨설팅앱개발웹개발 외","신입 · 경력
학력무관","정규직 · 계약직
서울 서초구","입사지원
~ 04/14
"
"453","애자일소다","IT/웹/통신",2.5,"플랫폼 파트장","데이터분석가웹개발프론트엔드SE(시스템엔지니어)딥러닝 외","5 ~ 15년
대학교(4년)↑","정규직
서울전체","입사지원
상시채용
"
"454","유엔터스","IT/웹/통신",2.5,"IT개발·데이터(네트워크&기술지원) 채용","기술지원네트워크유지보수","경력무관
학력무관","정규직
서울 금천구","채용 홈페이지
~ 04/29
"
"455","더블유컨셉코리아","유통/무역/운송",2.5,"[W컨셉] 데이터 엔지니어 경력 채용","데이터엔지니어인프라클라우드AWSHadoop 외","7 ~ 13년
대학교(4년)↑","정규직
서울 강남구","입사지원
상시채용
"
"456","더블유컨셉코리아","유통/무역/운송",2.5,"[W컨셉] 데이터 사이언티스트 경력 채용","데이터엔지니어데이터마이닝모델링알고리즘빅데이터 외","5 ~ 10년
대학교(4년)↑","정규직
서울 강남구","입사지원
~ 04/13
"
"457","아이앤씨테크놀로지","제조/화학",2.5,"SW 개발자 모집 (경력직 채용)","데이터엔지니어백엔드/서버개발보안컨설팅FAESE(시스템엔지니어) 외","경력 4년↑
학력무관","정규직
경기 성남시 분당구","입사지원
~ 04/24
"
"458","제이콘텐트리","미디어/디자인",2.5,"[제이콘텐트리 조인스부문] IT 경력 채용","기술지원데이터분석가데이터엔지니어백엔드/서버개발앱개발 외","신입 · 경력
대학(2,3년)↑","정규직 · 계약직
서울 마포구","홈페이지 지원
내일마감
"
"459","리파인","IT/웹/통신",2.5,"정보화전략부 경력직 모집공고","데이터분석가데이터엔지니어알고리즘jQueryPython 외","경력 7년↑
대학교(4년)↑","정규직
서울 강남구","입사지원
~ 04/30
"
"460","티시스","IT/웹/통신",2.5,"Data Mart (BI시스템 운영)","데이터엔지니어DBA모델링H/WS/W","7 ~ 15년
학력무관","정규직
서울전체","입사지원
상시채용
"
"461","티시스","IT/웹/통신",2.5,"DA (Data Architect)","데이터엔지니어DBAMSSQLNoSQLOracleDB 외","4 ~ 10년
학력무관","정규직
서울전체","입사지원
상시채용
"
"462","네오리진","IT/웹/통신",2.5,"유선센서 개발자","SE(시스템엔지니어)S/WC++C언어Linux 외","신입 · 경력
고졸↑","정규직
서울전체","입사지원
상시채용
"
"463","애니게이트","IT/웹/통신",2.5,"C++, C# 응용프로그램 개발자 모집","기술지원유지보수SE(시스템엔지니어)SI개발네트워크 외","신입 · 경력
대학교(4년)↑","정규직
서울 용산구","입사지원
~ 04/16
"
"464","오픈소스컨설팅","IT/웹/통신",2.5,"[오픈소스컨설팅] 각 부문 엔지니어 채용(경력)","백엔드/서버개발유지보수클라우드S/WVDI 외","경력 3년↑
학력무관","정규직
서울 강남구","입사지원
~ 05/13
"
"465","오픈소스컨설팅","IT/웹/통신",2.5,"미들웨어/PasS 엔지니어","웹개발SE(시스템엔지니어)인프라클라우드DevOps 외","3 ~ 10년
학력무관","정규직
서울전체","입사지원
상시채용
"
"466","오픈소스컨설팅","IT/웹/통신",2.5,"백엔드(JAVA) 개발자","백엔드/서버개발웹개발SE(시스템엔지니어)ApacheGit 외","신입 · 경력
학력무관","정규직
서울전체","입사지원
상시채용
"
"467","오픈소스컨설팅","IT/웹/통신",2.5,"아틀라시안(Atlassian) 개발자","백엔드/서버개발웹개발퍼블리셔프론트엔드DBA 외","신입 · 경력
학력무관","정규직
서울전체","입사지원
상시채용
"
"468","오픈소스컨설팅","IT/웹/통신",2.5,"아틀라시안 솔루션 아키텍트","백엔드/서버개발웹개발SE(시스템엔지니어)인프라DevOps 외","신입 · 경력
학력무관","정규직
서울전체","입사지원
상시채용
"
"469","한국코퍼레이션","서비스업",2.5,"[정규직] PC관리 및 유지보수 신입/경력 모집","기술지원데이터엔지니어유지보수정보보안QA/테스터 외","경력무관
학력무관","정규직
서울 강북구","입사지원
~ 05/01
"
"470","에스지에이","IT/웹/통신",2.5,"[SGA 그룹사] 전직군 채용","기술지원백엔드/서버개발웹개발유지보수정보보안 외","신입 · 경력
학력무관","정규직
서울 송파구","입사지원
~ 04/17
"
"471","오토앤","유통/무역/운송",2.4,"IT 분야 각 부문 담당자 채용","기술지원백엔드/서버개발앱개발웹개발유지보수 외","경력무관
학력무관","정규직
서울전체","입사지원
~ 04/22
"
"472","써티웨어","IT/웹/통신",2.4,"[정규직] 웹 개발자 신입/경력직 채용","백엔드/서버개발웹개발프론트엔드딥러닝머신러닝 외","신입 · 경력
대학교(4년)↑","정규직
서울 송파구","입사지원
상시채용
"
"473","디알젬","제조/화학",2.4,"(주)디알젬 연구소 사원모집(HW,FW,SW,기계,제어,관리,검증)","앱개발이미지프로세싱펌웨어H/WS/W 외","신입 · 경력
대학교(4년)↑","정규직
경기 광명시","입사지원
~ 04/20
"
"474","사람과기술","서비스업",2.4,"[금융정보제공] ORACLE, MS-SQL, DB개발 및 분석 팀원급","데이터엔지니어DBA데이터마이닝MSSQLOracleDB 외","2 ~ 6년
대학교(4년)↑","정규직
서울 강남구","입사지원
~ 04/17
"
"475","유호스트","IT/웹/통신",2.4,"[AWS클라우드] LG U+ 상암신사옥 클라우드 담당자 정규직 채용","데이터엔지니어백엔드/서버개발유지보수SE(시스템엔지니어)SI개발 외","경력무관
고졸↑","정규직
서울 마포구","입사지원
~ 04/22
"
"476","유호스트","IT/웹/통신",2.4,"[LG그룹] LG유플러스 상암신사옥 서버관리자 정규직 채용","데이터엔지니어백엔드/서버개발유지보수SE(시스템엔지니어)SI개발 외","경력무관
고졸↑","정규직
서울 마포구","입사지원
~ 04/22
"
"477","유호스트","IT/웹/통신",2.4,"[대기업/관제] LG 메가센터 모니터링파트 정규직 채용(교대근무)","기술지원데이터엔지니어백엔드/서버개발유지보수정보보안 외","신입 · 경력
고졸↑","정규직
경기 안양시 동안구","입사지원
~ 04/22
"
"478","유호스트","IT/웹/통신",2.4,"[대기업/관제] LG 가산센터 모니터링파트 정규직 채용(교대근무)","기술지원데이터엔지니어백엔드/서버개발유지보수정보보안 외","신입 · 경력
고졸↑","정규직
서울 금천구","입사지원
~ 04/15
"
"479","유호스트","IT/웹/통신",2.4,"[AWS/Azure] 유호스트 본사 클라우드 담당자 정규직 채용","기술지원백엔드/서버개발유지보수정보보안프론트엔드 외","신입 · 경력
대학(2,3년)↑","정규직
서울 서초구","입사지원
~ 04/15
"
"480","유호스트","IT/웹/통신",2.4,"[관제/강남] (주)유호스트 본사 모니터링 담당자 정규직 채용","기술지원데이터엔지니어앱개발웹개발유지보수 외","신입 · 경력
고졸↑","정규직
서울 서초구","입사지원
~ 04/15
"
"481","아이브스","IT/웹/통신",2.4,"[아이브스] 시스템엔지니어(SE) 경력직원 구인","SE(시스템엔지니어)유지보수솔루션인프라DBMS 외","3 ~ 10년
대학교(4년)↑","정규직
서울 성동구","입사지원
~ 04/30
"
"482","엑스소프트","IT/웹/통신",2.4,"IT개발·데이터 외 1개 부문 담당자 채용","기술지원웹개발솔루션JavaIT영업 외","경력무관
학력무관","정규직
서울 금천구","입사지원
상시채용
"
"483","그라비티","IT/웹/통신",2.4,"[그라비티] 네트워크 엔지니어 경력 채용","백엔드/서버개발IT컨설팅SE(시스템엔지니어)네트워크Windows 외","경력 3년↑
학력무관","정규직
서울 마포구","입사지원
채용시
"
"484","에이치씨인포","IT/웹/통신",2.4,"IT 엔지니어 (시스템/솔루션) 부문","기술지원유지보수정보보안IT컨설팅SE(시스템엔지니어) 외","신입 · 경력
학력무관","정규직
서울 성동구","입사지원
~ 05/28
"
"485","지아이티","제조/화학",2.4,"현대자동차 그룹사 (주)지아이티 상반기 대규모 공채/수시 채용 (경력/신입)","데이터분석가백엔드/서버개발앱개발웹개발웹마스터 외","신입 · 경력
학력무관","인턴직
서울 송파구","입사지원
~ 04/20
"
"486","디포커스","기관/협회",2.4,"SAP 솔루션 컨설턴트 신입 / 정규직 채용","데이터분석가데이터엔지니어솔루션S/W아키텍쳐 외","신입 · 경력
학력무관","정규직 · 계약직
서울 성동구","입사지원
~ 04/22
"
"487","디포커스","기관/협회",2.4,"Tableau 태블로 컨설턴트 신입 / 경력 정규직 데이터분석 시각화","데이터분석가데이터엔지니어DBA데이터시각화빅데이터 외","신입 · 경력
학력무관","정규직
서울 성동구","입사지원
~ 05/09
"
"488","아이티노매즈","IT/웹/통신",2.4,"[아이티노매즈] Oracle DBA, 인프라 운영 관제 등 채용","DBARDBMSOracleDBPostgreSQL정보보안 외","경력무관
대학교(4년)↑","정규직
서울 구로구","채용 홈페이지
~ 04/12
"
"489","한미헬스케어","제조/화학",2.4,"2022년 한미헬스케어㈜ 4월 수시 채용","백엔드/서버개발앱개발웹개발유지보수프론트엔드 외","신입 · 경력
학력무관","정규직
서울 송파구","홈페이지 지원
~ 04/17
"
"490","한미헬스케어","제조/화학",2.4,"2022년 한미헬스케어(주) 각 부문별 인재채용","백엔드/서버개발앱개발웹개발유지보수프론트엔드 외","신입 · 경력
대학(2,3년)↑","정규직
서울 송파구","입사지원
~ 04/30
"
"491","유알피시스템","IT/웹/통신",2.4,"(동대문구)공공기관 상주 서버관리자 채용","기술지원데이터엔지니어유지보수DBASE(시스템엔지니어) 외","경력
대학(2,3년)↑","계약직
서울 동대문구","입사지원
~ 05/07
"
"492","유알피시스템","IT/웹/통신",2.4,"인프라 TA 공공기관 시스템 구축 및 유지보수 경력 채용","기술지원데이터엔지니어유지보수DBASE(시스템엔지니어) 외","경력
대학(2,3년)↑","정규직
서울 마포구","입사지원
~ 04/30
"
"493","유알피시스템","IT/웹/통신",2.4,"시스템 엔지니어(Unix, x86, 가상화) 경력채용 - 여의도 본사","기술지원데이터엔지니어유지보수DBASE(시스템엔지니어) 외","경력
대학(2,3년)↑","정규직
서울 영등포구","입사지원
~ 04/17
"
"494","유알피시스템","IT/웹/통신",2.4,"(은평구)공공기관 시스템운영 및 네트워크·보안 상주자 채용","기술지원데이터엔지니어유지보수DBASE(시스템엔지니어) 외","경력
대학(2,3년)↑","계약직
서울 은평구","입사지원
~ 04/22
"
"495","제이엔테크놀러지","IT/웹/통신",2.4,"IT Infra 시스템 구축 / 기술지원","기술지원데이터분석가데이터엔지니어백엔드/서버개발앱개발 외","신입 · 경력
대학교(4년)↑","정규직
서울 구로구","입사지원
~ 04/17
"
"496","이지메디컴","서비스업",2.4,"IT 연구소 헬스케어 SCM 웹솔루션 개발자","백엔드/서버개발웹개발프론트엔드SE(시스템엔지니어)Java 외","2 ~ 10년
대학(2,3년)↑","정규직
서울 강남구","입사지원
상시채용
"
"497","다하미커뮤니케이션즈","IT/웹/통신",2.4,"DBA / 시스템 엔지니어 / UX/UI 기획 신입/경력직 채용","백엔드/서버개발유지보수DBASE(시스템엔지니어)네트워크 외","신입 · 경력
대학교(4년)↑","정규직
서울 중구","입사지원
내일마감
"
"498","삼양데이타시스템","IT/웹/통신",2.3,"클라우드사업부문 Cloud Engineer(IaaS/PaaS) 인턴 모집","백엔드/서버개발IT컨설팅SE(시스템엔지니어)머신러닝빅데이터 외","신입
대학(2,3년)↑","계약직
서울 종로구","입사지원
내일마감
"
"499","그린카","서비스업",2.3,"2022년 각 부문 신입/경력 채용","데이터분석가데이터엔지니어백엔드/서버개발앱개발웹개발 외","신입 · 경력
대학(2,3년)↑","정규직 · 계약직
서울 강남구","입사지원
~ 04/30
"
"500","교육지대","IT/웹/통신",2.3,"교육지대(주) DOS팀 DBA 채용","DBASE(시스템엔지니어)AWSPostgreSQLPython 외","경력
대학(2,3년)↑","정규직
서울 구로구","채용 홈페이지
~ 04/15
"
"501","에임메드","서비스업",2.3,"헬스케어 플랫폼 설계 (데이터엔지니어/클라우드엔지니어)","데이터엔지니어데이터마이닝머신러닝빅데이터챗봇 외","신입 · 경력
대학교(4년)↑","정규직
서울 강남구","입사지원
~ 04/18
"
"502","메디컬아이피","IT/웹/통신",2.3,"[메디컬아이피] 신입 및 경력사원 모집","게임개발데이터분석가데이터엔지니어백엔드/서버개발앱개발 외","신입 · 경력
학력무관","정규직
서울 종로구","입사지원
~ 04/17
"
"503","디아이티","IT/웹/통신",2.3,"AI기반 영상처리 SW/비전SW/광학/PC제어/기구설계/영업/QC 채용","앱개발딥러닝머신러닝미들웨어빅데이터 외","신입 · 경력
대학교(4년)↑","정규직
경기 수원시 영통구","입사지원
~ 04/12
"
"504","메디에이지","의료/제약/복지",2.3,"[헬스케어] 데이터 제휴 및 플랫폼 서비스 기획자 (경력) 모집","마케팅기획콘텐츠기획제휴마케팅브랜드기획사업기획 외","6 ~ 12년
대학교(4년)↑","정규직
경기 성남시 분당구","입사지원
~ 04/30
"
"505","엑스큐어넷","IT/웹/통신",2.3,"2022년 상반기 공개채용","기술지원데이터분석가데이터엔지니어백엔드/서버개발보안컨설팅 외","경력 3년↑
학력무관","정규직
서울 은평구","입사지원
내일마감
"
"506","이지서티","IT/웹/통신",2.3,"[경력직 우대] (주)이지서티 IT 엔지니어 채용","백엔드/서버개발유지보수정보보안SE(시스템엔지니어)네트워크 외","경력 1년↑
학력무관","정규직
서울 강남구","입사지원
~ 05/06
"
"507","대한방직","제조/화학",2.3,"대한방직 각 부문 신입 또는 경력사원 채용","기술지원데이터엔지니어웹개발유지보수정보보안 외","신입 · 경력
대학교(4년)↑","정규직 · 계약직
서울 중구","접수방법 확인
~ 04/12
"
"508","인동에프엔","제조/화학",2.3,"(주)인동에프엔 회계, 전산 경력 채용","기술지원데이터분석가데이터엔지니어백엔드/서버개발웹개발 외","신입 · 경력
대학(2,3년)↑","정규직
서울 서초구","채용 홈페이지
~ 04/28
"
"509","센서텍","제조/화학",2.3,"센서 및 레이더 개발 경력직 모집","앱개발웹개발퍼블리셔프론트엔드DBA 외","신입 · 경력
대학(2,3년)↑","정규직
서울 강서구","입사지원
~ 04/30
"
"510","미디어윌네트웍스","IT/웹/통신",2.3,"[알바천국] 인공지능(AI) 자연어(NLP) 엔지니어 정규직 모집","데이터분석가데이터엔지니어DBA검색엔진데이터라벨링 외","경력 3년↑
학력무관","정규직
서울 강남구","입사지원
~ 04/29
"
"511","미디어윌네트웍스","IT/웹/통신",2.3,"[알바천국본사] AI & NLP 엔지니어 정규직 모집","데이터분석가웹개발SE(시스템엔지니어)딥러닝머신러닝 외","3 ~ 10년
학력무관","정규직
서울전체","입사지원
상시채용
"
"512","텍스트리","IT/웹/통신",2.3,"[텍스트리] 현지화(로컬라이제이션) 엔지니어 모집","기술지원데이터엔지니어QA/테스터빅데이터솔루션 외","경력무관
대학(2,3년)↑","정규직
서울 송파구","입사지원
~ 05/06
"
"513","소프트넷","IT/웹/통신",2.2,"JAVA 개발자","백엔드/서버개발웹개발퍼블리셔프론트엔드SE(시스템엔지니어) 외","3 ~ 10년
대학(2,3년)↑","정규직
서울전체","입사지원
상시채용
"
"514","아이유노글로벌","미디어/디자인",2.2,"[Iyuno-SDI Group] Data I/O Technician (데이터 I/O 담당자)","데이터엔지니어데이터마이닝영상편집인제스트/인코딩","신입
학력무관","정규직
서울 마포구","입사지원
~ 04/20
"
"515","아이유노글로벌","미디어/디자인",2.2,"[사세확장 / Iyuno-SDI Group] 개발팀 엔지니어 채용","데이터분석가데이터엔지니어앱개발웹개발SE(시스템엔지니어) 외","경력무관
학력무관","정규직
서울 마포구","입사지원
~ 04/13
"
"516","에이치제이에프","제조/화학",2.2,"(주)에이치제이에프(식품가공,육가공) 상반기 분야별 채용","기술지원백엔드/서버개발보안컨설팅유지보수정보보안 외","신입 · 경력
고졸↑","정규직
인천 강화군","입사지원
~ 04/24
"
"517","쿠프마케팅","IT/웹/통신",2.2,"[쿠프마케팅그룹] 각 부문별 신입/경력 인재 수시 채용","총무문서작성비품관리사내행사사무행정 외","경력무관
대학(2,3년)↑","정규직
서울 성동구","입사지원
~ 05/13
"
"518","쿠프마케팅","IT/웹/통신",2.2,"[쿠프마케팅그룹] 각 부문별 신입/경력 인재 채용","데이터엔지니어백엔드/서버개발정보보안퍼블리셔프론트엔드 외","신입 · 경력
학력무관","정규직
서울 성동구","입사지원
~ 04/30
"
"519","라온스토리","IT/웹/통신",2.2,"S/W 개발 엔지니어 채용(경력)","백엔드/서버개발앱개발네트워크솔루션API 외","2 ~ 10년
학력무관","정규직
서울 구로구","입사지원
~ 04/15
"
"520","브이엔티지","IT/웹/통신",2.2,"Process Computer 구축 및 운영 담당자 (군산/창녕 근무)","기술지원백엔드/서버개발웹개발유지보수퍼블리셔 외","경력무관
학력무관","정규직
서울 마포구","채용 홈페이지
채용시
"
"521","브이엔티지","IT/웹/통신",2.2,"ERP 프로젝트 신입/경력 개발자 (장애인우대)","퍼블리셔IT컨설팅SE(시스템엔지니어)모델링웹표준·웹접근성 외","신입 · 경력
학력무관","정규직
서울 마포구","채용 홈페이지
~ 04/21
"
"522","브이엔티지","IT/웹/통신",2.2,"정보 보안 담당자 경력직 (장애인우대)","보안컨설팅정보보안SE(시스템엔지니어)컴퓨터교육정보보호교육 외","3 ~ 10년
학력무관","정규직
서울 금천구","채용 홈페이지
채용시
"
"523","브이엔티지","IT/웹/통신",2.2,"웹 솔루션 개발자","웹개발프론트엔드SE(시스템엔지니어)클라우드S/W 외","5 ~ 15년
학력무관","정규직
서울전체","입사지원
상시채용
"
"524","어니컴","IT/웹/통신",2.2,"[어니컴(주)] 서비스 검증(SQA) 담당자 모집","데이터엔지니어QA/테스터SQAAPIIoT 외","경력 3년↑
대학(2,3년)↑","정규직
서울 서초구","채용 홈페이지
~ 04/20
"
"525","포인트모바일","IT/웹/통신",2.2,"(주)포인트모바일 기술지원팀 경력직 채용","기술지원데이터엔지니어유지보수IT컨설팅QA/테스터 외","경력 5년↑
대학교(4년)↑","정규직
서울 금천구","입사지원
~ 04/16
"
"526","모니터랩","IT/웹/통신",2.2,"소프트웨어 품질보증(QA) 채용","QA/테스터SE(시스템엔지니어)Linux네트워크클라우드 외","3 ~ 7년
대학(2,3년)↑","정규직
서울전체","입사지원
상시채용
"
"527","모니터랩","IT/웹/통신",2.2,"Linux C/Go Developer 채용","백엔드/서버개발웹개발SE(시스템엔지니어)블록체인클라우드 외","2 ~ 16년
대학교(4년)↑","정규직
서울전체","입사지원
상시채용
"
"528","모니터랩","IT/웹/통신",2.2,"기술지원 엔지니어 (필드 엔지니어) 경력직 채용","기술지원네트워크트러블슈팅AWSAzure 외","신입 · 경력
대학(2,3년)↑","정규직
서울 구로구","입사지원
~ 04/20
"
"529","슈어엠","IT/웹/통신",2.2,"JAVA 응용프로그램 개발자 모집 (기숙사 제공)","기술지원데이터엔지니어백엔드/서버개발앱개발유지보수 외","신입 · 경력
고졸↑","정규직 · 계약직
서울 광진구","입사지원
~ 04/16
"
"530","이즈피엠피","서비스업",2.2,"2022년 ㈜이즈피엠피 플랫폼 IT 기획/설계 채용공고","데이터분석가데이터엔지니어백엔드/서버개발앱개발웹개발 외","신입 · 경력
대학(2,3년)↑","정규직
서울 서초구","입사지원
~ 04/24
"
"531","오토플러스","유통/무역/운송",2.2,"IT개발팀 ERP 담당자 채용","기술지원데이터분석가데이터엔지니어웹개발데이터마이닝 외","경력무관
학력무관","정규직
서울 영등포구","입사지원
~ 04/27
"
"532","제이에스티나","제조/화학",2.2,"IT (웹서비스기획/ERP운영/인프라운영/CRM) 경력직 모집","백엔드/서버개발보안컨설팅웹개발정보보안프론트엔드 외","경력 2년↑
대학(2,3년)↑","정규직
서울 송파구","입사지원
채용시
"
"533","씨제이포디플렉스","제조/화학",2.2,"CJ 4Dplex [콘텐츠솔루션팀] [AI 머신러닝 개발자 채용]","기술지원데이터엔지니어백엔드/서버개발보안컨설팅유지보수 외","경력
대학교(4년)↑","정규직
서울 용산구","입사지원
~ 04/22
"
"534","씨제이포디플렉스","제조/화학",2.2,"CJ 4Dplex Contents팀 IT부문/시스템 관리자 경력직 채용","기술지원데이터엔지니어백엔드/서버개발보안컨설팅유지보수 외","경력
대학교(4년)↑","정규직
서울 용산구","입사지원
~ 04/15
"
"535","중외정보기술","IT/웹/통신",2.1,"[중외정보기술] IT 품질보증 담당 경력사원 모집","기술지원데이터분석가데이터엔지니어백엔드/서버개발앱개발 외","경력무관
대학(2,3년)↑","정규직
서울 금천구","입사지원
~ 05/04
"
"536","중외정보기술","IT/웹/통신",2.1,"[중외정보기술] 유지보수 및 개발인력 채용","기술지원백엔드/서버개발웹개발유지보수퍼블리셔 외","경력 2년↑
학력무관","정규직
서울 금천구","입사지원
~ 04/16
"
"537","포디리플레이코리아","IT/웹/통신",2.1,"Machine Learning Engineer [AI Vision]","데이터분석가딥러닝머신러닝블록체인빅데이터 외","3 ~ 10년
대학교(4년)↑","정규직
서울전체","입사지원
상시채용
"
"538","포디리플레이코리아","IT/웹/통신",2.1,"Machine Learning Engineer [AI Vision]","데이터분석가딥러닝머신러닝블록체인빅데이터 외","3 ~ 10년
대학교(4년)↑","정규직
서울전체","입사지원
상시채용
"
"539","포디리플레이코리아","IT/웹/통신",2.1,"Web Back-End Engineer (시니어)","백엔드/서버개발웹개발프론트엔드DBASE(시스템엔지니어) 외","10 ~ 20년
대학교(4년)↑","정규직
서울전체","입사지원
상시채용
"
"540","사임당화장품","제조/화학",2.1,"2022년 4월 ㈜사임당화장품 공개채용","SAP전산회계더존계산서발행관리회계 외","신입 · 경력
학력무관","정규직
서울 동작구","입사지원
~ 04/17
"
"541","낙스넷","IT/웹/통신",2.1,"정규직 초급 Oracle 개발자 모집 - LG전자 전산실 ( 마곡동 )","데이터엔지니어웹개발유지보수DBMSPL/SQL 외","1 ~ 5년
대학(2,3년)↑","정규직
서울 영등포구","입사지원
~ 04/15
"
"542","스마트스코어","IT/웹/통신",2.1,"개발직군 채용(PHP/JAVA/Front/DBA/PM/정보보안/퍼블리셔 등)","데이터엔지니어백엔드/서버개발웹개발유지보수정보보안 외","경력
학력무관","정규직 · 계약직
서울 강남구","홈페이지 지원
~ 04/30
"
"543","에스제이더블유인터내셔널","교육업",2.1,"[시원스쿨] 각 부문별 신입/경력 채용","보안컨설팅앱개발웹개발웹마스터유지보수 외","신입 · 경력
학력무관","정규직
서울 영등포구","입사지원
~ 04/11
"
"544","인피닉","IT/웹/통신",2.1,"[신입환영] AI 인공지능, 자율주행 학습용 데이터 관리 전문가","데이터분석가데이터엔지니어데이터라벨링데이터마이닝데이터시각화 외","경력무관
대학(2,3년)↑","정규직
서울 금천구","입사지원
~ 04/12
"
"545","인피닉","IT/웹/통신",2.1,"AI 인공지능 프로젝트 관리 담당 매니저","데이터분석가데이터엔지니어데이터마이닝데이터시각화딥러닝 외","2 ~ 10년
대학(2,3년)↑","정규직
서울전체","입사지원
상시채용
"
"546","인피닉","IT/웹/통신",2.1,"자율주행 및 인공지능 학습용 데이터 가공 매니저","데이터분석가데이터엔지니어데이터마이닝데이터시각화딥러닝 외","2 ~ 8년
대학(2,3년)↑","정규직
서울전체","입사지원
상시채용
"
"547","인피닉","IT/웹/통신",2.1,"자율주행 및 인공지능 학습용 데이터 수집(정제) 담당 매니저","데이터분석가데이터엔지니어데이터마이닝데이터시각화딥러닝 외","2 ~ 8년
대학(2,3년)↑","정규직
서울전체","입사지원
상시채용
"
"548","케이지제로인","은행/금융업",2.1,"[KG제로인] 2022년 2월 신입 및 경력사원 모집","기술지원데이터엔지니어백엔드/서버개발보안컨설팅웹개발 외","신입 · 경력
학력무관","정규직 · 인턴직
서울 중구","입사지원
~ 04/15
"
"549","심네트","IT/웹/통신",2.1,"(서울시 용산) 데이터 분석 연구원 모집","데이터분석가데이터엔지니어데이터마이닝데이터시각화빅데이터 외","신입
대학교(4년)↑","정규직 · 계약직
서울 용산구","입사지원
~ 04/17
"
"550","심네트","IT/웹/통신",2.1,"(가산) 응용프로그래머 모집 (C, C++, VC++ 등)","게임개발데이터엔지니어유지보수SI개발네트워크 외","신입 · 경력
대학(2,3년)↑","정규직
서울 금천구","입사지원
상시채용
"
"551","씨앤아이테크놀로지","제조/화학",2.1,"반도체 장비 2022년 상반기 신입/경력 채용","데이터엔지니어유지보수SE(시스템엔지니어)정보통신S/W 외","신입 · 경력
대학(2,3년)↑","정규직
경기 화성시
3,500만원","입사지원
~ 05/21
"
"552","한독모터스","유통/무역/운송",2,"[BMW한독모터스] 본사 사무직 신입/경력 채용","기술지원데이터분석가데이터엔지니어백엔드/서버개발웹마스터 외","신입 · 경력
대학(2,3년)↑","정규직 · 계약직
서울 서초구","입사지원
오늘마감
"
"553","헬스허브","IT/웹/통신",2,"(주)헬스허브에서 헬스데이터플랫폼을 경험하세요","기술지원SE(시스템엔지니어)네트워크C#C++ 외","경력무관
학력무관","계약직 · 인턴직
서울 서초구","입사지원
~ 05/24
"
"554","웨어밸리데이타","IT/웹/통신",2,"보안 솔루션 구축&유지 보수 기술 엔지니어 - 신입 / 경력","기술지원솔루션정보보안DBMSLinux 외","신입 · 경력
학력무관","정규직
서울 마포구","입사지원
상시채용
"
"555","조아라","IT/웹/통신",2,"시스템엔지니어(SE) 채용","백엔드/서버개발웹개발정보보안SE(시스템엔지니어)모의해킹 외","2 ~ 10년
대학(2,3년)↑","정규직
서울전체","입사지원
~ 04/30
"
"556","씨앤토트","유통/무역/운송",2,"2022년 상반기 보안 엔지니어 채용","백엔드/서버개발네트워크클라우드기술지원솔루션 외","신입 · 경력
학력무관","정규직
서울 서초구","입사지원
~ 04/30
"
"557","왈도시스템","IT/웹/통신",2,"부문별 신입 및 경력직 채용","유지보수SE(시스템엔지니어)네트워크정보통신H/W 외","신입 · 경력
고졸↑","정규직
서울 강서구","입사지원
~ 05/08
"
"558","에넥스텔레콤","IT/웹/통신",2,"통신사업/공공사업/채널영업/온라인사업/회계팀/피졸로 채용공고","유지보수전산회계계산서발행관리회계급여(Payroll) 외","신입 · 경력
학력무관","정규직
서울 강남구","입사지원
~ 04/20
"
"559","서흥인터내셔날","유통/무역/운송",2,"웹 프로그래머 모집","백엔드/서버개발웹개발MySQLNode.jsVue.js 외","경력무관
대학(2,3년)↑","정규직
서울 동대문구","입사지원
~ 04/19
"
"560","동일드방레","제조/화학",2,"라코스테 IT 시스템 담당 채용","앱개발웹개발웹마스터유지보수IT컨설팅 외","경력 3년↑
대학교(4년)↑","정규직
서울 강남구","입사지원
~ 04/17
"
"561","제이슨그룹","IT/웹/통신",2,"시스템 엔지니어(SE) 경력직채용","기술지원SE(시스템엔지니어)네트워크인프라클라우드 외","신입 · 경력
학력무관","정규직
서울 용산구","입사지원
~ 04/28
"
"562","한국인터텍테스팅서비스","제조/화학",1.9,"한국인터텍 각 분야별 직원 모집","기술지원백엔드/서버개발앱개발웹개발웹마스터 외","신입 · 경력
대학(2,3년)↑","정규직 · 계약직
서울 성동구","입사지원
~ 04/20
"
"563","아라인","IT/웹/통신",1.7,"클라우드(SaaS) HR 솔루션 개발 및 운영","백엔드/서버개발웹개발프론트엔드SE(시스템엔지니어)Nginx 외","5 ~ 15년
학력무관","정규직
서울 강남구","입사지원
상시채용
"
"564","아라인","IT/웹/통신",1.7,"e-HR시스템 개발","백엔드/서버개발웹개발퍼블리셔프론트엔드SE(시스템엔지니어) 외","3 ~ 20년
학력무관","정규직
서울 강남구","입사지원
상시채용
"
"565","티디아이","IT/웹/통신",1.7,"TDI 백앤드 개발자","백엔드/서버개발웹개발프론트엔드SE(시스템엔지니어)검색엔진 외","3 ~ 29년
학력무관","정규직
서울전체","입사지원
상시채용
"
"566","케이지모빌리언스","IT/웹/통신",1.7,"[KG모빌리언스] 데이터베이스 운영 담당자 모집","데이터분석가데이터엔지니어DBADBMSASP 외","신입 · 경력
학력무관","정규직
서울 중구","입사지원
~ 04/25
"
"567","데이터스트림즈","IT/웹/통신",1.7,"(주)데이터스트림즈 빅데이터 전문기업 부문별 채용","데이터분석가백엔드/서버개발웹개발웹마스터퍼블리셔 외","신입 · 경력
학력무관","정규직
경기 성남시 분당구","입사지원
~ 05/08
"
"568","워시스왓","서비스업",1.7,"[세탁특공대] Business Analyst","경영분석데이터분석사업관리시장조사실적관리 외","경력 2년↑
학력무관","정규직
서울 서초구","홈페이지 지원
~ 05/30
"
"569","워시스왓","서비스업",1.7,"[세탁특공대] 브랜드 디자이너 (BX Designer)","시각디자인BI디자인BX디자인","경력 3년↑
학력무관","정규직
서울 서초구","홈페이지 지원
~ 05/30
"
"570","워시스왓","서비스업",1.7,"[세탁특공대] 프로덕트 디자이너 (UX Designer)","그래픽디자인디지털디자인모바일디자인브랜드디자인앱디자인 외","경력 3년↑
학력무관","정규직
서울 서초구","홈페이지 지원
~ 05/30
"
"571","워시스왓","서비스업",1.7,"[세탁특공대] 회계 결산 담당자","감사경리공인회계사회계사관리회계 외","경력 5년↑
학력무관","정규직
서울 서초구","홈페이지 지원
~ 05/30
"
"572","워시스왓","서비스업",1.7,"[세탁특공대] Recruiting Sourcer(리크루터)","채용담당자채용공고관리인사","경력 2년↑
학력무관","정규직
서울 서초구","홈페이지 지원
~ 05/30
"
"573","워시스왓","서비스업",1.7,"[세탁특공대] 채용 브랜딩 담당자","채용담당자HR컨설팅HRM면접/인터뷰실적관리 외","경력 2년↑
학력무관","정규직
서울 서초구","홈페이지 지원
~ 05/30
"
"574","워시스왓","서비스업",1.7,"[세탁특공대] QA Engineer (QA 엔지니어)","기술지원데이터엔지니어유지보수SOAAWS 외","경력 3년↑
학력무관","정규직
서울 서초구","홈페이지 지원
~ 05/30
"
"575","워시스왓","서비스업",1.7,"[세탁특공대] React native Engineer(Front-end) 엔지니어","기술지원데이터엔지니어웹개발프론트엔드Git 외","경력 1년↑
학력무관","정규직
서울 서초구","홈페이지 지원
~ 05/30
"
